ID,A/B,Dwell A,Dwell B,UD(AB),DU(AB),UU(AB),DD(AB)
199679, [p|l],961024.0,1598080.0,14960256.0,17519360.0,16558336.0,15921280.0
199679, [p|l],899968.0,1000064.0,700032.0,2600064.0,1700096.0,1600000.0
199679, [p|l],720768.0,560896.0,1120384.0,2402048.0,1681280.0,1841152.0
199679, [p|l],1250048.0,155776.0,312448.0,1718272.0,468224.0,1562496.0
199679, [p|l],110080.0,729984.0,750080.0,1590144.0,1480064.0,860160.0
199679, [p|l],548096.0,822016.0,1382016.0,2752128.0,2204032.0,1930112.0
199679, [p|l],1069952.0,960000.0,800128.0,2830080.0,1760128.0,1870080.0
199679, [p|l],640512.0,720512.0,1270784.0,2631808.0,1991296.0,1911296.0
199679, [p|l],198912.0,645504.0,833408.0,1677824.0,1478912.0,1032320.0
199679, [p|l],800640.0,550272.0,1200896.0,2551808.0,1751168.0,2001536.0
199679, [p|l],1458048.0,1196032.0,155904.0,2809984.0,1351936.0,1613952.0
199679, [p|l],106240.0,762240.0,1117056.0,1985536.0,1879296.0,1223296.0
199679, [p|l],431360.0,835200.0,751232.0,2017792.0,1586432.0,1182592.0
199679, [p|l],467968.0,624000.0,1404032.0,2496000.0,2028032.0,1872000.0
199679, [p|l],659968.0,1020032.0,2480128.0,4160128.0,3500160.0,3140096.0
199679, [p|l],850560.0,1428608.0,494336.0,2773504.0,1922944.0,1344896.0
199679, [p|l],1120000.0,899968.0,400000.0,2419968.0,1299968.0,1520000.0
199679, [p|l],1143296.0,695808.0,1598720.0,3437824.0,2294528.0,2742016.0
199679, [p|l],620032.0,940032.0,1330048.0,2890112.0,2270080.0,1950080.0
199679, [p|l],470016.0,900096.0,310016.0,1680128.0,1210112.0,780032.0
199679, [p|l],860672.0,1020800.0,1480960.0,3362432.0,2501760.0,2341632.0
199679, [p|l],969216.0,1170176.0,2099200.0,4238592.0,3269376.0,3068416.0
199679, [p|l],281472.0,728832.0,597376.0,1607680.0,1326208.0,878848.0
199679, [p|l],720512.0,640640.0,1040512.0,2401664.0,1681152.0,1761024.0
199679, [p|l],320000.0,640000.0,640128.0,1600128.0,1280128.0,960128.0
199679, [p|l],569984.0,1160064.0,1550208.0,3280256.0,2710272.0,2120192.0
199679, [p|l],710016.0,830080.0,1350016.0,2890112.0,2180096.0,2060032.0
199679, [p|l],600064.0,1145088.0,329984.0,2075136.0,1475072.0,930048.0
199679, [p|l],395136.0,650752.0,1038592.0,2084480.0,1689344.0,1433728.0
199679, [p|l],710528.0,720512.0,1761280.0,3192320.0,2481792.0,2471808.0
199679, [p|l],720384.0,560384.0,950656.0,2231424.0,1511040.0,1671040.0
199679, [p|l],720512.0,560384.0,1120768.0,2401664.0,1681152.0,1841280.0
199679, [p|l],953984.0,774016.0,1088128.0,2816128.0,1862144.0,2042112.0
199679, [p|l],360064.0,670080.0,690048.0,1720192.0,1360128.0,1050112.0
199679, [p|l],814080.0,828032.0,1715968.0,3358080.0,2544000.0,2530048.0
199679, [p|l],870016.0,1300096.0,1220096.0,3390208.0,2520192.0,2090112.0
199679, [p|l],1040128.0,720128.0,1520128.0,3280384.0,2240256.0,2560256.0
199679, [p|l],1138304.0,875008.0,1127808.0,3141120.0,2002816.0,2266112.0
199679, [p|l],1370112.0,1630080.0,1060096.0,4060288.0,2690176.0,2430208.0
199679, [p|l],1024000.0,1356032.0,633984.0,3014016.0,1990016.0,1657984.0
199679, [p|l],409984.0,1209984.0,1800192.0,3420160.0,3010176.0,2210176.0
199679, [p|l],350080.0,930048.0,669952.0,1950080.0,1600000.0,1020032.0
199679, [p|l],511872.0,797824.0,1358208.0,2667904.0,2156032.0,1870080.0
199679, [p|l],440064.0,1430144.0,2120064.0,3990272.0,3550208.0,2560128.0
199679, [p|l],240128.0,720128.0,800000.0,1760256.0,1520128.0,1040128.0
199679, [p|l],1041152.0,719872.0,1120896.0,2881920.0,1840768.0,2162048.0
199679, [p|l],880512.0,640384.0,1110784.0,2631680.0,1751168.0,1991296.0
199679, [p|l],996736.0,720896.0,1072256.0,2789888.0,1793152.0,2068992.0
199679, [p|l],445952.0,1324032.0,1262080.0,3032064.0,2586112.0,1708032.0
199679, [p|l],1280896.0,1441024.0,880640.0,3602560.0,2321664.0,2161536.0
199679, [p|l],924032.0,792064.0,2108032.0,3824128.0,2900096.0,3032064.0
199679, [p|l],166016.0,365952.0,834048.0,1366016.0,1200000.0,1000064.0
199679, [p|l],537216.0,657664.0,1118464.0,2313344.0,1776128.0,1655680.0
199679, [p|l],559872.0,560512.0,1601152.0,2721536.0,2161664.0,2161024.0
199679, [p|l],640384.0,720128.0,960512.0,2321024.0,1680640.0,1600896.0
199679, [p|l],640512.0,480384.0,1280896.0,2401792.0,1761280.0,1921408.0
199679, [p|l],799872.0,559872.0,1041280.0,2401024.0,1601152.0,1841152.0
199679, [p|l],838016.0,1070080.0,1091968.0,3000064.0,2162048.0,1929984.0
199679, [p|l],710400.0,560512.0,1040768.0,2311680.0,1601280.0,1751168.0
199679, [p|l],739584.0,1046784.0,4083584.0,5869952.0,5130368.0,4823168.0
199679, [p|l],1259904.0,1368192.0,1508864.0,4136960.0,2877056.0,2768768.0
199679, [p|l],501632.0,1706368.0,4669312.0,6877312.0,6375680.0,5170944.0
199679, [p|l],1310080.0,979968.0,1180160.0,3470208.0,2160128.0,2490240.0
199679, [p|l],638336.0,792576.0,8796032.0,10226944.0,9588608.0,9434368.0
199679, [p|l],1200000.0,1160064.0,790144.0,3150208.0,1950208.0,1990144.0
199679, [p|l],1230080.0,1030016.0,1090048.0,3350144.0,2120064.0,2320128.0
199679, [p|l],480256.0,390400.0,1371008.0,2241664.0,1761408.0,1851264.0
199679, [p|l],1360000.0,979968.0,1300096.0,3640064.0,2280064.0,2660096.0
199679, [p|l],274432.0,524672.0,926848.0,1725952.0,1451520.0,1201280.0
199679, [p|l],1040768.0,1761280.0,320256.0,3122304.0,2081536.0,1361024.0
199679, [p|l],720512.0,1030656.0,11848448.0,13599616.0,12879104.0,12568960.0
199679, [p|l],800896.0,730496.0,1120256.0,2651648.0,1850752.0,1921152.0
199679, [p|l],969984.0,300032.0,1300096.0,2570112.0,1600128.0,2270080.0
199679, [p|l],104832.0,839808.0,724864.0,1669504.0,1564672.0,829696.0
199679, [p|l],240256.0,780544.0,759680.0,1780480.0,1540224.0,999936.0
199679, [p|l],1200128.0,680064.0,1120000.0,3000192.0,1800064.0,2320128.0
199679, [p|l],1189504.0,1358720.0,1599104.0,4147328.0,2957824.0,2788608.0
199679, [p|l],831744.0,850176.0,1119488.0,2801408.0,1969664.0,1951232.0
199679, [p|l],1320960.0,2055424.0,1952640.0,5329024.0,4008064.0,3273600.0
199679, [p|l],779904.0,1091968.0,1404032.0,3275904.0,2496000.0,2183936.0
199679, [p|l],1140096.0,609920.0,1000064.0,2750080.0,1609984.0,2140160.0
199679, [p|l],1059968.0,840064.0,890112.0,2790144.0,1730176.0,1950080.0
199679, [p|l],1121024.0,1200896.0,6484352.0,8806272.0,7685248.0,7605376.0
199679, [p|l],1470464.0,1748480.0,1249792.0,4468736.0,2998272.0,2720256.0
199679, [p|l],1362048.0,857984.0,624000.0,2844032.0,1481984.0,1986048.0
199679, [p|l],1041024.0,880000.0,1279872.0,3200896.0,2159872.0,2320896.0
199679, [p|l],400000.0,1010048.0,4840320.0,6250368.0,5850368.0,5240320.0
199679, [p|l],330112.0,809984.0,1390080.0,2530176.0,2200064.0,1720192.0
199679, [p|l],1261056.0,1678080.0,1140224.0,4079360.0,2818304.0,2401280.0
199679, [p|l],100096.0,870144.0,429952.0,1400192.0,1300096.0,530048.0
199679, [p|l],1248000.0,936064.0,1091968.0,3276032.0,2028032.0,2339968.0
199679, [p|l],877952.0,732288.0,1039232.0,2649472.0,1771520.0,1917184.0
199679, [p|l],370560.0,599552.0,885120.0,1855232.0,1484672.0,1255680.0
199679, [p|l],720384.0,249984.0,1361152.0,2331520.0,1611136.0,2081536.0
199679, [p|l],880512.0,560512.0,1120896.0,2561920.0,1681408.0,2001408.0
199679, [p|l],1299968.0,1080064.0,570112.0,2950144.0,1650176.0,1870080.0
199679, [p|l],589184.0,568576.0,1214976.0,2372736.0,1783552.0,1804160.0
199679, [p|l],180096.0,482048.0,1197952.0,1860096.0,1680000.0,1378048.0
199679, [p|l],302208.0,858880.0,885760.0,2046848.0,1744640.0,1187968.0
199679, [p|l],1000064.0,99968.0,1900032.0,3000064.0,2000000.0,2900096.0
199679, [p|l],349952.0,1305984.0,1386112.0,3042048.0,2692096.0,1736064.0
199679, [p|l],1500032.0,1000064.0,7299968.0,9800064.0,8300032.0,8800000.0
199679, [p|l],830080.0,809984.0,1040128.0,2680192.0,1850112.0,1870208.0
199679, [p|l],200064.0,499968.0,800000.0,1500032.0,1299968.0,1000064.0
199679, [p|l],243840.0,1005568.0,796800.0,2046208.0,1802368.0,1040640.0
199679, [p|l],999936.0,1200000.0,600064.0,2800000.0,1800064.0,1600000.0
199679, [p|l],870784.0,560000.0,1041024.0,2471808.0,1601024.0,1911808.0
199679, [p|l],880640.0,710400.0,970752.0,2561792.0,1681152.0,1851392.0
199679, [p|l],352000.0,958080.0,1906048.0,3216128.0,2864128.0,2258048.0
199679, [p|l],560000.0,1020032.0,990080.0,2570112.0,2010112.0,1550080.0
199679, [p|l],1077120.0,752256.0,705536.0,2534912.0,1457792.0,1782656.0
199679, [p|l],9984.0,700032.0,720000.0,1430016.0,1420032.0,729984.0
199679, [p|l],1342080.0,1392000.0,946048.0,3680128.0,2338048.0,2288128.0
199679, [p|l],960512.0,720512.0,1120768.0,2801792.0,1841280.0,2081280.0
199679, [p|l],1417984.0,1412096.0,2430080.0,5260160.0,3842176.0,3848064.0
199679, [p|l],1117184.0,1039616.0,1762048.0,3918848.0,2801664.0,2879232.0
199679, [p|l],828672.0,846976.0,1122688.0,2798336.0,1969664.0,1951360.0
199679, [p|l],560640.0,630400.0,1050624.0,2241664.0,1681024.0,1611264.0
199679, [p|l],429952.0,630016.0,740096.0,1800064.0,1370112.0,1170048.0
199679, [p|l],1200000.0,1440128.0,790016.0,3430144.0,2230144.0,1990016.0
199679, [p|l],1150080.0,1150080.0,740096.0,3040256.0,1890176.0,1890176.0
199679, [p|l],720512.0,640512.0,8886272.0,10247296.0,9526784.0,9606784.0
199679, [p|l],311936.0,1158016.0,2136064.0,3606016.0,3294080.0,2448000.0
199679, [p|l],800000.0,700032.0,499968.0,2000000.0,1200000.0,1299968.0
199679, [p|l],935936.0,624000.0,1092096.0,2652032.0,1716096.0,2028032.0
199679, [p|l],1360896.0,1681280.0,560384.0,3602560.0,2241664.0,1921280.0
199679, [p|l],110208.0,812160.0,934016.0,1856384.0,1746176.0,1044224.0
199679, [p|l],2180096.0,439936.0,3210240.0,5830272.0,3650176.0,5390336.0
199679, [p|l],1300096.0,720000.0,1180160.0,3200256.0,1900160.0,2480256.0
199679, [p|l],1100032.0,1384192.0,342016.0,2826240.0,1726208.0,1442048.0
199679, [p|l],400000.0,400000.0,800000.0,1600000.0,1200000.0,1200000.0
199679, [p|l],720384.0,560384.0,1130880.0,2411648.0,1691264.0,1851264.0
199679, [p|l],630400.0,560640.0,1361024.0,2552064.0,1921664.0,1991424.0
199679, [p|l],326016.0,1244032.0,2426112.0,3996160.0,3670144.0,2752128.0
199679, [p|l],1006336.0,1304832.0,1277440.0,3588608.0,2582272.0,2283776.0
199679, [p|l],202752.0,588544.0,879488.0,1670784.0,1468032.0,1082240.0
199679, [p|l],170112.0,640000.0,729984.0,1540096.0,1369984.0,900096.0
199679, [p|l],1290880.0,1754112.0,1719168.0,4764160.0,3473280.0,3010048.0
199679, [p|l],880512.0,560512.0,1200896.0,2641920.0,1761408.0,2081408.0
199679, [p|l],198016.0,953856.0,1021568.0,2173440.0,1975424.0,1219584.0
199679, [p|l],1360128.0,860160.0,2009984.0,4230272.0,2870144.0,3370112.0
199679, [p|l],299904.0,800000.0,900096.0,2000000.0,1700096.0,1200000.0
199679, [p|l],156288.0,781312.0,937984.0,1875584.0,1719296.0,1094272.0
199679, [p|l],460032.0,830080.0,780032.0,2070144.0,1610112.0,1240064.0
199679, [p|l],760064.0,659968.0,800000.0,2220032.0,1459968.0,1560064.0
199679, [p|l],9984.0,480000.0,1075072.0,1565056.0,1555072.0,1085056.0
199679, [p|l],710656.0,640384.0,1120768.0,2471808.0,1761152.0,1831424.0
199679, [p|l],800640.0,560256.0,1110912.0,2471808.0,1671168.0,1911552.0
199679, [p|l],864768.0,803072.0,1371008.0,3038848.0,2174080.0,2235776.0
199679, [p|l],113024.0,622464.0,1184384.0,1919872.0,1806848.0,1297408.0
199679, [p|l],251648.0,639360.0,633728.0,1524736.0,1273088.0,885376.0
199679, [p|l],881152.0,640640.0,1120256.0,2642048.0,1760896.0,2001408.0
199679, [p|l],400000.0,1150080.0,700032.0,2250112.0,1850112.0,1100032.0
199679, [p|l],640512.0,730368.0,1361280.0,2732160.0,2091648.0,2001792.0
199679, [p|l],116608.0,216576.0,1162880.0,1496064.0,1379456.0,1279488.0
199679, [p|l],720512.0,550528.0,1050240.0,2321280.0,1600768.0,1770752.0
199679, [p|l],400000.0,800000.0,700032.0,1900032.0,1500032.0,1100032.0
199679, [p|l],920064.0,800000.0,930048.0,2650112.0,1730048.0,1850112.0
199679, [p|l],185984.0,689408.0,1048704.0,1924096.0,1738112.0,1234688.0
199679, [p|l],594688.0,464384.0,1941760.0,3000832.0,2406144.0,2536448.0
199679, [p|l],880768.0,560384.0,1280768.0,2721920.0,1841152.0,2161536.0
199679, [p|l],110080.0,644480.0,1019776.0,1774336.0,1664256.0,1129856.0
199679, [p|l],560384.0,550400.0,1290880.0,2401664.0,1841280.0,1851264.0
199679, [p|l],710912.0,560384.0,1120384.0,2391680.0,1680768.0,1831296.0
199679, [p|l],720512.0,560384.0,1110784.0,2391680.0,1671168.0,1831296.0
199679, [p|l],790656.0,720512.0,1120768.0,2631936.0,1841280.0,1911424.0
199679, [p|l],300032.0,899968.0,599936.0,1799936.0,1499904.0,899968.0
199679, [p|l],870016.0,900096.0,400000.0,2170112.0,1300096.0,1270016.0
199679, [p|l],196096.0,538112.0,779904.0,1514112.0,1318016.0,976000.0
199679, [p|l],720896.0,560384.0,1120512.0,2401792.0,1680896.0,1841408.0
199679, [p|l],800640.0,720512.0,1120768.0,2641920.0,1841280.0,1921408.0
199679, [p|l],1040000.0,1430016.0,1060096.0,3530112.0,2490112.0,2100096.0
199679, [p|l],720512.0,560384.0,1200896.0,2481792.0,1761280.0,1921408.0
199679, [p|l],1160064.0,1410176.0,1139968.0,3710208.0,2550144.0,2300032.0
199679, [p|l],1357952.0,1128064.0,2856064.0,5342080.0,3984128.0,4214016.0
199679, [p|l],710528.0,560384.0,1200768.0,2471680.0,1761152.0,1911296.0
199679, [p|l],439808.0,1801728.0,1199872.0,3441408.0,3001600.0,1639680.0
199679, [p|l],720640.0,400256.0,1200640.0,2321536.0,1600896.0,1921280.0
199679, [p|l],880128.0,1420160.0,1289984.0,3590272.0,2710144.0,2170112.0
199679, [p|l],641280.0,800640.0,718464.0,2160384.0,1519104.0,1359744.0
199679, [p|l],1486208.0,1966464.0,494976.0,3947648.0,2461440.0,1981184.0
199679, [p|l],720512.0,550400.0,1120768.0,2391680.0,1671168.0,1841280.0
199679, [p|l],720512.0,720512.0,1200768.0,2641792.0,1921280.0,1921280.0
199679, [p|l],720640.0,640384.0,1120768.0,2481792.0,1761152.0,1841408.0
199679, [p|l],200192.0,626048.0,907008.0,1733248.0,1533056.0,1107200.0
199679, [p|l],800256.0,720512.0,1120640.0,2641408.0,1841152.0,1920896.0
199679, [p|l],1223936.0,1115904.0,1066112.0,3405952.0,2182016.0,2290048.0
199679, [p|l],1248000.0,936064.0,779904.0,2963968.0,1715968.0,2027904.0
199679, [p|l],470016.0,1040128.0,560000.0,2070144.0,1600128.0,1030016.0
199679, [p|l],314880.0,240256.0,1272576.0,1827712.0,1512832.0,1587456.0
199679, [p|l],870528.0,640512.0,960640.0,2471680.0,1601152.0,1831168.0
199679, [p|l],80000.0,480000.0,640128.0,1200128.0,1120128.0,720128.0
199679, [p|l],1180160.0,950016.0,790016.0,2920192.0,1740032.0,1970176.0
199679, [p|l],720000.0,640512.0,1121024.0,2481536.0,1761536.0,1841024.0
199679, [p|l],720384.0,720000.0,960768.0,2401152.0,1680768.0,1681152.0
199679, [p|l],640512.0,640896.0,1200768.0,2482176.0,1841664.0,1841280.0
199679, [p|l],1346304.0,1250560.0,1618560.0,4215424.0,2869120.0,2964864.0
199679, [p|l],640256.0,710272.0,1361152.0,2711680.0,2071424.0,2001408.0
199679, [p|l],720512.0,720384.0,1120896.0,2561792.0,1841280.0,1841408.0
199679, [p|l],312576.0,781312.0,781184.0,1875072.0,1562496.0,1093760.0
268386, [p|l],1405184.0,1290112.0,1395200.0,4090496.0,2685312.0,2800384.0
268386, [p|l],1210112.0,1385472.0,3577472.0,6173056.0,4962944.0,4787584.0
268386, [p|l],1022976.0,1084416.0,911360.0,3018752.0,1995776.0,1934336.0
268386, [p|l],990336.0,1120256.0,1010432.0,3121024.0,2130688.0,2000768.0
268386, [p|l],1069952.0,1000320.0,950528.0,3020800.0,1950848.0,2020480.0
268386, [p|l],1150848.0,1234944.0,929536.0,3315328.0,2164480.0,2080384.0
268386, [p|l],675072.0,1061120.0,1170176.0,2906368.0,2231296.0,1845248.0
268386, [p|l],1348096.0,650368.0,1560192.0,3558656.0,2210560.0,2908288.0
268386, [p|l],885120.0,279808.0,1730432.0,2895360.0,2010240.0,2615552.0
268386, [p|l],901760.0,901248.0,903424.0,2706432.0,1804672.0,1805184.0
268386, [p|l],1350784.0,109952.0,1520512.0,2981248.0,1630464.0,2871296.0
268386, [p|l],905216.0,763776.0,1471232.0,3140224.0,2235008.0,2376448.0
268386, [p|l],1112832.0,854528.0,1265792.0,3233152.0,2120320.0,2378624.0
268386, [p|l],758528.0,810368.0,1130240.0,2699136.0,1940608.0,1888768.0
268386, [p|l],895616.0,996480.0,1082368.0,2974464.0,2078848.0,1977984.0
268386, [p|l],1130112.0,1625216.0,3655424.0,6410752.0,5280640.0,4785536.0
268386, [p|l],1301888.0,1039872.0,1150592.0,3492352.0,2190464.0,2452480.0
268386, [p|l],1120896.0,817792.0,1031680.0,2970368.0,1849472.0,2152576.0
268386, [p|l],989056.0,1467520.0,7736960.0,10193536.0,9204480.0,8726016.0
268386, [p|l],760064.0,1014784.0,920320.0,2695168.0,1935104.0,1680384.0
268386, [p|l],1129088.0,669952.0,1800704.0,3599744.0,2470656.0,2929792.0
268386, [p|l],1300992.0,1121408.0,1670144.0,4092544.0,2791552.0,2971136.0
268386, [p|l],674944.0,64896.0,3974784.0,4714624.0,4039680.0,4649728.0
268386, [p|l],470400.0,1382784.0,1664640.0,3517824.0,3047424.0,2135040.0
268386, [p|l],1125632.0,1090944.0,1210880.0,3427456.0,2301824.0,2336512.0
268386, [p|l],985216.0,1155072.0,2085248.0,4225536.0,3240320.0,3070464.0
268386, [p|l],817280.0,993536.0,1207552.0,3018368.0,2201088.0,2024832.0
268386, [p|l],957440.0,940416.0,912896.0,2810752.0,1853312.0,1870336.0
268386, [p|l],813696.0,1182848.0,1270784.0,3267328.0,2453632.0,2084480.0
268386, [p|l],905216.0,1798912.0,1117696.0,3821824.0,2916608.0,2022912.0
268386, [p|l],903168.0,664832.0,1351552.0,2919552.0,2016384.0,2254720.0
268386, [p|l],440192.0,1353344.0,2250624.0,4044160.0,3603968.0,2690816.0
268386, [p|l],1000448.0,1305216.0,1419904.0,3725568.0,2725120.0,2420352.0
268386, [p|l],1151616.0,1015168.0,1020160.0,3186944.0,2035328.0,2171776.0
268386, [p|l],782336.0,847360.0,997632.0,2627328.0,1844992.0,1779968.0
268386, [p|l],680064.0,900480.0,900096.0,2480640.0,1800576.0,1580160.0
268386, [p|l],905728.0,936832.0,1147136.0,2989696.0,2083968.0,2052864.0
268386, [p|l],1435264.0,1210624.0,990080.0,3635968.0,2200704.0,2425344.0
268386, [p|l],1060096.0,900096.0,1025024.0,2985216.0,1925120.0,2085120.0
268386, [p|l],810112.0,1020032.0,2820864.0,4651008.0,3840896.0,3630976.0
268386, [p|l],1255040.0,1100160.0,880128.0,3235328.0,1980288.0,2135168.0
268386, [p|l],803200.0,1033088.0,1091968.0,2928256.0,2125056.0,1895168.0
268386, [p|l],1398144.0,979712.0,1248896.0,3626752.0,2228608.0,2647040.0
268386, [p|l],1058432.0,974976.0,2820480.0,4853888.0,3795456.0,3878912.0
268386, [p|l],991104.0,998016.0,1203072.0,3192192.0,2201088.0,2194176.0
268386, [p|l],75008.0,1641088.0,2550272.0,4266368.0,4191360.0,2625280.0
268386, [p|l],769920.0,902400.0,893184.0,2565504.0,1795584.0,1663104.0
268386, [p|l],1065088.0,985088.0,1106048.0,3156224.0,2091136.0,2171136.0
268386, [p|l],719872.0,1192960.0,1329664.0,3242496.0,2522624.0,2049536.0
268386, [p|l],858240.0,1163776.0,1381632.0,3403648.0,2545408.0,2239872.0
268386, [p|l],761088.0,863872.0,1230080.0,2855040.0,2093952.0,1991168.0
268386, [p|l],1169792.0,1260160.0,1206400.0,3636352.0,2466560.0,2376192.0
268386, [p|l],1130880.0,1165184.0,1135232.0,3431296.0,2300416.0,2266112.0
268386, [p|l],1030144.0,800128.0,955136.0,2785408.0,1755264.0,1985280.0
268386, [p|l],900096.0,900096.0,1131904.0,2932096.0,2032000.0,2032000.0
268386, [p|l],1201920.0,1163648.0,1270016.0,3635584.0,2433664.0,2471936.0
268386, [p|l],686720.0,680064.0,2467584.0,3834368.0,3147648.0,3154304.0
268386, [p|l],770432.0,1230336.0,1020288.0,3021056.0,2250624.0,1790720.0
268386, [p|l],1128832.0,1116288.0,5847680.0,8092800.0,6963968.0,6976512.0
268386, [p|l],1163520.0,1112448.0,1069568.0,3345536.0,2182016.0,2233088.0
268386, [p|l],936448.0,1036416.0,1225600.0,3198464.0,2262016.0,2162048.0
268386, [p|l],972544.0,981760.0,834176.0,2788480.0,1815936.0,1806720.0
268386, [p|l],719488.0,944896.0,1335936.0,3000320.0,2280832.0,2055424.0
268386, [p|l],850432.0,1130368.0,1077632.0,3058432.0,2208000.0,1928064.0
268386, [p|l],1348608.0,1110272.0,1139712.0,3598592.0,2249984.0,2488320.0
268386, [p|l],680192.0,680192.0,1128320.0,2488704.0,1808512.0,1808512.0
268386, [p|l],854400.0,1121024.0,1119616.0,3095040.0,2240640.0,1974016.0
268386, [p|l],679424.0,1118464.0,1010048.0,2807936.0,2128512.0,1689472.0
268386, [p|l],675456.0,1134080.0,1250944.0,3060480.0,2385024.0,1926400.0
268386, [p|l],905088.0,951808.0,1242368.0,3099264.0,2194176.0,2147456.0
268386, [p|l],1170048.0,1129216.0,1260928.0,3560192.0,2390144.0,2430976.0
268386, [p|l],905856.0,956288.0,1170048.0,3032192.0,2126336.0,2075904.0
268386, [p|l],667392.0,901760.0,1129984.0,2699136.0,2031744.0,1797376.0
268386, [p|l],842112.0,685952.0,1157120.0,2685184.0,1843072.0,1999232.0
268386, [p|l],685184.0,1127424.0,1472000.0,3284608.0,2599424.0,2157184.0
268386, [p|l],896000.0,661760.0,1135744.0,2693504.0,1797504.0,2031744.0
268386, [p|l],1255040.0,949120.0,934912.0,3139072.0,1884032.0,2189952.0
268386, [p|l],930176.0,1068672.0,991232.0,2990080.0,2059904.0,1921408.0
268386, [p|l],1130240.0,1562368.0,4507904.0,7200512.0,6070272.0,5638144.0
268386, [p|l],885120.0,894976.0,996736.0,2776832.0,1891712.0,1881856.0
268386, [p|l],1161856.0,376448.0,1465344.0,3003648.0,1841792.0,2627200.0
268386, [p|l],1121152.0,1123456.0,677888.0,2922496.0,1801344.0,1799040.0
268386, [p|l],1020032.0,855168.0,935040.0,2810240.0,1790208.0,1955072.0
268386, [p|l],1075584.0,988288.0,1089664.0,3153536.0,2077952.0,2165248.0
268386, [p|l],946304.0,782208.0,1180160.0,2908672.0,1962368.0,2126464.0
268386, [p|l],1124096.0,1195520.0,1410816.0,3730432.0,2606336.0,2534912.0
268386, [p|l],891776.0,967552.0,906112.0,2765440.0,1873664.0,1797888.0
268386, [p|l],1033600.0,893568.0,1004800.0,2931968.0,1898368.0,2038400.0
268386, [p|l],1110016.0,1165184.0,2420224.0,4695424.0,3585408.0,3530240.0
268386, [p|l],1030784.0,1285248.0,950016.0,3266048.0,2235264.0,1980800.0
268386, [p|l],631040.0,983936.0,910848.0,2525824.0,1894784.0,1541888.0
268386, [p|l],847360.0,1063680.0,865792.0,2776832.0,1929472.0,1713152.0
268386, [p|l],506112.0,908544.0,1636352.0,3051008.0,2544896.0,2142464.0
268386, [p|l],1146880.0,1131008.0,1318016.0,3595904.0,2449024.0,2464896.0
268386, [p|l],635136.0,1035008.0,1470208.0,3140352.0,2505216.0,2105344.0
268386, [p|l],855424.0,996096.0,1325312.0,3176832.0,2321408.0,2180736.0
268386, [p|l],685056.0,984320.0,1457280.0,3126656.0,2441600.0,2142336.0
268386, [p|l],1066112.0,962816.0,946816.0,2975744.0,1909632.0,2012928.0
268386, [p|l],70016.0,1031552.0,2099456.0,3201024.0,3131008.0,2169472.0
268386, [p|l],899328.0,1120000.0,897280.0,2916608.0,2017280.0,1796608.0
268386, [p|l],1055744.0,1061760.0,1161984.0,3279488.0,2223744.0,2217728.0
268386, [p|l],905088.0,687360.0,1562880.0,3155328.0,2250240.0,2467968.0
268386, [p|l],936576.0,595200.0,1206272.0,2738048.0,1801472.0,2142848.0
268386, [p|l],1115904.0,981632.0,929792.0,3027328.0,1911424.0,2045696.0
268386, [p|l],550656.0,961792.0,1000832.0,2513280.0,1962624.0,1551488.0
268386, [p|l],898944.0,1114112.0,1581824.0,3594880.0,2695936.0,2480768.0
268386, [p|l],870144.0,1621120.0,1462656.0,3953920.0,3083776.0,2332800.0
268386, [p|l],1081088.0,945536.0,1280896.0,3307520.0,2226432.0,2361984.0
268386, [p|l],1206912.0,1385216.0,1107328.0,3699456.0,2492544.0,2314240.0
268386, [p|l],1070976.0,1341696.0,1954688.0,4367360.0,3296384.0,3025664.0
268386, [p|l],1120384.0,433664.0,911232.0,2465280.0,1344896.0,2031616.0
268386, [p|l],1526016.0,1340928.0,1627392.0,4494336.0,2968320.0,3153408.0
268386, [p|l],230016.0,1340288.0,2021760.0,3592064.0,3362048.0,2251776.0
268386, [p|l],1300096.0,1209984.0,1015040.0,3525120.0,2225024.0,2315136.0
268386, [p|l],1215360.0,1311872.0,1148032.0,3675264.0,2459904.0,2363392.0
268386, [p|l],294912.0,1165184.0,1835264.0,3295360.0,3000448.0,2130176.0
268386, [p|l],1112704.0,1350016.0,1799040.0,4261760.0,3149056.0,2911744.0
268386, [p|l],782592.0,505472.0,1579648.0,2867712.0,2085120.0,2362240.0
268386, [p|l],1204224.0,1083648.0,907136.0,3195008.0,1990784.0,2111360.0
268386, [p|l],855040.0,1020032.0,900096.0,2775168.0,1920128.0,1755136.0
268386, [p|l],1250176.0,1084416.0,1165568.0,3500160.0,2249984.0,2415744.0
268386, [p|l],1115648.0,1113600.0,989952.0,3219200.0,2103552.0,2105600.0
268386, [p|l],855424.0,1075840.0,1040512.0,2971776.0,2116352.0,1895936.0
268386, [p|l],1084928.0,1037440.0,966528.0,3088896.0,2003968.0,2051456.0
268386, [p|l],775168.0,1059968.0,1013120.0,2848256.0,2073088.0,1788288.0
268386, [p|l],896384.0,1356544.0,680576.0,2933504.0,2037120.0,1576960.0
268386, [p|l],605056.0,815104.0,1046144.0,2466304.0,1861248.0,1651200.0
268386, [p|l],777984.0,810496.0,1061888.0,2650368.0,1872384.0,1839872.0
268386, [p|l],408576.0,554624.0,1379712.0,2342912.0,1934336.0,1788288.0
268386, [p|l],450176.0,1135360.0,1801344.0,3386880.0,2936704.0,2251520.0
268386, [p|l],1105024.0,1155072.0,1094144.0,3354240.0,2249216.0,2199168.0
268386, [p|l],1243008.0,707712.0,1224320.0,3175040.0,1932032.0,2467328.0
268386, [p|l],332544.0,1074048.0,7170432.0,8577024.0,8244480.0,7502976.0
268386, [p|l],779520.0,905088.0,1019136.0,2703744.0,1924224.0,1798656.0
268386, [p|l],1029760.0,897792.0,1156864.0,3084416.0,2054656.0,2186624.0
268386, [p|l],1129472.0,1096320.0,1043712.0,3269504.0,2140032.0,2173184.0
268386, [p|l],775680.0,1083520.0,1061504.0,2920704.0,2145024.0,1837184.0
268386, [p|l],636288.0,681344.0,1664640.0,2982272.0,2345984.0,2300928.0
268386, [p|l],1285248.0,1595264.0,4870528.0,7751040.0,6465792.0,6155776.0
268386, [p|l],898560.0,1078912.0,1273728.0,3251200.0,2352640.0,2172288.0
268386, [p|l],1040128.0,1261696.0,1025664.0,3327488.0,2287360.0,2065792.0
268386, [p|l],909184.0,1130368.0,900096.0,2939648.0,2030464.0,1809280.0
268386, [p|l],865280.0,849664.0,1215360.0,2930304.0,2065024.0,2080640.0
268386, [p|l],904576.0,892032.0,1058176.0,2854784.0,1950208.0,1962752.0
268386, [p|l],679808.0,729984.0,1441024.0,2850816.0,2171008.0,2120832.0
268386, [p|l],930816.0,606592.0,1317120.0,2854528.0,1923712.0,2247936.0
268386, [p|l],1153536.0,1314944.0,2851456.0,5319936.0,4166400.0,4004992.0
268386, [p|l],680064.0,955008.0,2884096.0,4519168.0,3839104.0,3564160.0
268386, [p|l],1085312.0,1036800.0,920448.0,3042560.0,1957248.0,2005760.0
268386, [p|l],1166336.0,1015168.0,958464.0,3139968.0,1973632.0,2124800.0
268386, [p|l],800128.0,840192.0,1025024.0,2665344.0,1865216.0,1825152.0
268386, [p|l],1132032.0,1115264.0,901376.0,3148672.0,2016640.0,2033408.0
268386, [p|l],1110144.0,1060224.0,925056.0,3095424.0,1985280.0,2035200.0
268386, [p|l],1031936.0,1044096.0,1004416.0,3080448.0,2048512.0,2036352.0
268386, [p|l],1070080.0,945664.0,1141376.0,3157120.0,2087040.0,2211456.0
268386, [p|l],735104.0,687616.0,1319808.0,2742528.0,2007424.0,2054912.0
268386, [p|l],760320.0,985088.0,1320192.0,3065600.0,2305280.0,2080512.0
268386, [p|l],894976.0,1080960.0,1357056.0,3332992.0,2438016.0,2252032.0
268386, [p|l],605184.0,1149312.0,1507328.0,3261824.0,2656640.0,2112512.0
268386, [p|l],1202176.0,1021056.0,829056.0,3052288.0,1850112.0,2031232.0
268386, [p|l],1018752.0,857344.0,1111808.0,2987904.0,1969152.0,2130560.0
268386, [p|l],986752.0,1239936.0,1527936.0,3754624.0,2767872.0,2514688.0
268386, [p|l],895104.0,1205120.0,995200.0,3095424.0,2200320.0,1890304.0
268386, [p|l],554496.0,1037184.0,1371136.0,2962816.0,2408320.0,1925632.0
268386, [p|l],895872.0,1120256.0,897920.0,2914048.0,2018176.0,1793792.0
268386, [p|l],1259904.0,1125504.0,1015552.0,3400960.0,2141056.0,2275456.0
268386, [p|l],1124608.0,1386752.0,1112064.0,3623424.0,2498816.0,2236672.0
268386, [p|l],735104.0,1130112.0,1315200.0,3180416.0,2445312.0,2050304.0
268386, [p|l],940032.0,902528.0,876288.0,2718848.0,1778816.0,1816320.0
268386, [p|l],1121280.0,1571072.0,1582976.0,4275328.0,3154048.0,2704256.0
268386, [p|l],806016.0,1139968.0,1124480.0,3070464.0,2264448.0,1930496.0
268386, [p|l],1426816.0,1525376.0,1718528.0,4670720.0,3243904.0,3145344.0
268386, [p|l],1242496.0,980992.0,1138304.0,3361792.0,2119296.0,2380800.0
268386, [p|l],856576.0,911744.0,1107328.0,2875648.0,2019072.0,1963904.0
268386, [p|l],1065088.0,755072.0,900096.0,2720256.0,1655168.0,1965184.0
268386, [p|l],1063424.0,1153280.0,1010560.0,3227264.0,2163840.0,2073984.0
268386, [p|l],766080.0,1288704.0,3076992.0,5131776.0,4365696.0,3843072.0
268386, [p|l],765312.0,1067520.0,1366016.0,3198848.0,2433536.0,2131328.0
268386, [p|l],1042304.0,866304.0,1571328.0,3479936.0,2437632.0,2613632.0
268386, [p|l],810112.0,852992.0,956928.0,2620032.0,1809920.0,1767040.0
268386, [p|l],942848.0,910976.0,929536.0,2783360.0,1840512.0,1872384.0
268386, [p|l],979584.0,1310592.0,939904.0,3230080.0,2250496.0,1919488.0
268386, [p|l],855168.0,900096.0,936960.0,2692224.0,1837056.0,1792128.0
268386, [p|l],715520.0,905216.0,1110144.0,2730880.0,2015360.0,1825664.0
268386, [p|l],1015168.0,805120.0,3150080.0,4970368.0,3955200.0,4165248.0
268386, [p|l],782080.0,590976.0,1243008.0,2616064.0,1833984.0,2025088.0
268386, [p|l],663680.0,1127424.0,1355008.0,3146112.0,2482432.0,2018688.0
268386, [p|l],890112.0,1197568.0,1005184.0,3092864.0,2202752.0,1895296.0
268386, [p|l],1075200.0,1000064.0,1095168.0,3170432.0,2095232.0,2170368.0
268386, [p|l],2003712.0,766848.0,12063104.0,14833664.0,12829952.0,14066816.0
268386, [p|l],825088.0,1215872.0,1397888.0,3438848.0,2613760.0,2222976.0
268386, [p|l],1120128.0,900096.0,1580288.0,3600512.0,2480384.0,2700416.0
268386, [p|l],851584.0,894592.0,924800.0,2670976.0,1819392.0,1776384.0
268386, [p|l],1180032.0,855040.0,1150208.0,3185280.0,2005248.0,2330240.0
268386, [p|l],894976.0,980864.0,1139840.0,3015680.0,2120704.0,2034816.0
268386, [p|l],942976.0,1065728.0,935936.0,2944640.0,2001664.0,1878912.0
268386, [p|l],1195136.0,1590016.0,3154432.0,5939584.0,4744448.0,4349568.0
268386, [p|l],1074432.0,1106048.0,939136.0,3119616.0,2045184.0,2013568.0
268386, [p|l],225280.0,1347072.0,7422464.0,8994816.0,8769536.0,7647744.0
268386, [p|l],932096.0,900096.0,931200.0,2763392.0,1831296.0,1863296.0
284695, [p|l],882432.0,651776.0,972544.0,2506752.0,1624320.0,1854976.0
284695, [p|l],715648.0,869504.0,1113472.0,2698624.0,1982976.0,1829120.0
284695, [p|l],526336.0,681728.0,1007744.0,2215808.0,1689472.0,1534080.0
284695, [p|l],772096.0,781824.0,1082496.0,2636416.0,1864320.0,1854592.0
284695, [p|l],747008.0,541568.0,1117952.0,2406528.0,1659520.0,1864960.0
284695, [p|l],711808.0,621696.0,1153152.0,2486656.0,1774848.0,1864960.0
284695, [p|l],766976.0,690560.0,1011328.0,2468864.0,1701888.0,1778304.0
284695, [p|l],772992.0,878208.0,963328.0,2614528.0,1841536.0,1736320.0
284695, [p|l],470400.0,692352.0,1159296.0,2322048.0,1851648.0,1629696.0
284695, [p|l],841728.0,1157504.0,999808.0,2999040.0,2157312.0,1841536.0
284695, [p|l],550016.0,300672.0,1324288.0,2174976.0,1624960.0,1874304.0
284695, [p|l],395776.0,691584.0,3643264.0,4730624.0,4334848.0,4039040.0
284695, [p|l],604416.0,887296.0,1011456.0,2503168.0,1898752.0,1615872.0
284695, [p|l],664320.0,721024.0,962816.0,2348160.0,1683840.0,1627136.0
284695, [p|l],787968.0,844160.0,1001216.0,2633344.0,1845376.0,1789184.0
284695, [p|l],468480.0,937472.0,1035776.0,2441728.0,1973248.0,1504256.0
284695, [p|l],953728.0,812160.0,1019008.0,2784896.0,1831168.0,1972736.0
284695, [p|l],469120.0,1001856.0,1839616.0,3310592.0,2841472.0,2308736.0
284695, [p|l],625920.0,1159040.0,1373568.0,3158528.0,2532608.0,1999488.0
284695, [p|l],660480.0,656512.0,1382528.0,2699520.0,2039040.0,2043008.0
284695, [p|l],95360.0,546688.0,1873152.0,2515200.0,2419840.0,1968512.0
284695, [p|l],938880.0,840448.0,951040.0,2730368.0,1791488.0,1889920.0
284695, [p|l],691328.0,588160.0,6281472.0,7560960.0,6869632.0,6972800.0
284695, [p|l],720512.0,867840.0,1568512.0,3156864.0,2436352.0,2289024.0
284695, [p|l],860288.0,768000.0,1351424.0,2979712.0,2119424.0,2211712.0
284695, [p|l],588032.0,488448.0,657024.0,1733504.0,1145472.0,1245056.0
284695, [p|l],699392.0,1004032.0,805888.0,2509312.0,1809920.0,1505280.0
284695, [p|l],534016.0,1101568.0,412032.0,2047616.0,1513600.0,946048.0
284695, [p|l],1185152.0,724736.0,2641664.0,4551552.0,3366400.0,3826816.0
284695, [p|l],787712.0,689536.0,990848.0,2468096.0,1680384.0,1778560.0
284695, [p|l],661760.0,526208.0,3118208.0,4306176.0,3644416.0,3779968.0
284695, [p|l],902272.0,1082880.0,1390976.0,3376128.0,2473856.0,2293248.0
284695, [p|l],482688.0,652544.0,3059840.0,4195072.0,3712384.0,3542528.0
284695, [p|l],685184.0,842496.0,1319936.0,2847616.0,2162432.0,2005120.0
284695, [p|l],847744.0,790272.0,850048.0,2488064.0,1640320.0,1697792.0
284695, [p|l],873216.0,651648.0,1017856.0,2542720.0,1669504.0,1891072.0
284695, [p|l],262400.0,114432.0,1157632.0,1534464.0,1272064.0,1420032.0
284695, [p|l],813696.0,1622528.0,1196288.0,3632512.0,2818816.0,2009984.0
284695, [p|l],199936.0,430336.0,889600.0,1519872.0,1319936.0,1089536.0
284695, [p|l],532096.0,569344.0,3310208.0,4411648.0,3879552.0,3842304.0
284695, [p|l],469120.0,471424.0,1215360.0,2155904.0,1686784.0,1684480.0
284695, [p|l],674176.0,904064.0,1151616.0,2729856.0,2055680.0,1825792.0
284695, [p|l],508160.0,815232.0,1906304.0,3229696.0,2721536.0,2414464.0
284695, [p|l],374400.0,848384.0,1316480.0,2539264.0,2164864.0,1690880.0
284695, [p|l],842496.0,1077376.0,1130240.0,3050112.0,2207616.0,1972736.0
284695, [p|l],688768.0,625024.0,1154816.0,2468608.0,1779840.0,1843584.0
284695, [p|l],680832.0,1001344.0,1074816.0,2756992.0,2076160.0,1755648.0
284695, [p|l],782720.0,718848.0,899200.0,2400768.0,1618048.0,1681920.0
284695, [p|l],869504.0,697600.0,1499008.0,3066112.0,2196608.0,2368512.0
284695, [p|l],600064.0,516608.0,1206528.0,2323200.0,1723136.0,1806592.0
284695, [p|l],546176.0,1406336.0,952192.0,2904704.0,2358528.0,1498368.0
284695, [p|l],522752.0,765440.0,1290752.0,2578944.0,2056192.0,1813504.0
284695, [p|l],885376.0,917888.0,1047552.0,2850816.0,1965440.0,1932928.0
284695, [p|l],1488256.0,945152.0,468096.0,2901504.0,1413248.0,1956352.0
284695, [p|l],664960.0,698368.0,1015552.0,2378880.0,1713920.0,1680512.0
284695, [p|l],919296.0,764416.0,975744.0,2659456.0,1740160.0,1895040.0
284695, [p|l],783104.0,686720.0,998400.0,2468224.0,1685120.0,1781504.0
284695, [p|l],346240.0,962688.0,1703808.0,3012736.0,2666496.0,2050048.0
284695, [p|l],468736.0,997504.0,852608.0,2318848.0,1850112.0,1321344.0
284695, [p|l],842880.0,998272.0,846848.0,2688000.0,1845120.0,1689728.0
284695, [p|l],887424.0,553728.0,1219840.0,2660992.0,1773568.0,2107264.0
284695, [p|l],351360.0,640512.0,1350528.0,2342400.0,1991040.0,1701888.0
284695, [p|l],566400.0,967552.0,922496.0,2456448.0,1890048.0,1488896.0
284695, [p|l],902784.0,484992.0,1247232.0,2635008.0,1732224.0,2150016.0
284695, [p|l],802048.0,1069440.0,709760.0,2581248.0,1779200.0,1511808.0
284695, [p|l],295808.0,1217792.0,2006144.0,3519744.0,3223936.0,2301952.0
284695, [p|l],726016.0,960000.0,4605824.0,6291840.0,5565824.0,5331840.0
284695, [p|l],808192.0,834176.0,1015040.0,2657408.0,1849216.0,1823232.0
284695, [p|l],851584.0,1535744.0,1000832.0,3388160.0,2536576.0,1852416.0
284695, [p|l],685440.0,625024.0,1161216.0,2471680.0,1786240.0,1846656.0
284695, [p|l],1478528.0,1499136.0,2182912.0,5160576.0,3682048.0,3661440.0
284695, [p|l],531328.0,977664.0,1639680.0,3148672.0,2617344.0,2171008.0
284695, [p|l],546432.0,832128.0,997632.0,2376192.0,1829760.0,1544064.0
284695, [p|l],494080.0,842240.0,2316416.0,3652736.0,3158656.0,2810496.0
284695, [p|l],532352.0,1435136.0,1807872.0,3775360.0,3243008.0,2340224.0
284695, [p|l],616704.0,973952.0,957568.0,2548224.0,1931520.0,1574272.0
284695, [p|l],846720.0,784384.0,1413632.0,3044736.0,2198016.0,2260352.0
284695, [p|l],436096.0,838016.0,2214400.0,3488512.0,3052416.0,2650496.0
284695, [p|l],832256.0,862208.0,817152.0,2511616.0,1679360.0,1649408.0
284695, [p|l],685696.0,974720.0,1641088.0,3301504.0,2615808.0,2326784.0
284695, [p|l],529408.0,1003136.0,1062656.0,2595200.0,2065792.0,1592064.0
284695, [p|l],661760.0,837120.0,927488.0,2426368.0,1764608.0,1589248.0
284695, [p|l],838656.0,917504.0,960000.0,2716160.0,1877504.0,1798656.0
284695, [p|l],687616.0,841728.0,1155712.0,2685056.0,1997440.0,1843328.0
284695, [p|l],1163648.0,1156480.0,2028672.0,4348800.0,3185152.0,3192320.0
284695, [p|l],957440.0,914688.0,1001472.0,2873600.0,1916160.0,1958912.0
284695, [p|l],702592.0,902272.0,1445120.0,3049984.0,2347392.0,2147712.0
284695, [p|l],679040.0,867840.0,945664.0,2492544.0,1813504.0,1624704.0
284695, [p|l],345088.0,999680.0,1400448.0,2745216.0,2400128.0,1745536.0
284695, [p|l],714624.0,664704.0,1145216.0,2524544.0,1809920.0,1859840.0
284695, [p|l],564864.0,603776.0,1076480.0,2245120.0,1680256.0,1641344.0
284695, [p|l],656768.0,982656.0,1208192.0,2847616.0,2190848.0,1864960.0
284695, [p|l],687360.0,800256.0,880384.0,2368000.0,1680640.0,1567744.0
284695, [p|l],821760.0,842368.0,878208.0,2542336.0,1720576.0,1699968.0
284695, [p|l],344064.0,1392896.0,1620096.0,3357056.0,3012992.0,1964160.0
284695, [p|l],1040000.0,1153280.0,2163200.0,4356480.0,3316480.0,3203200.0
284695, [p|l],156416.0,1151872.0,1853056.0,3161344.0,3004928.0,2009472.0
284695, [p|l],690944.0,1149312.0,1008000.0,2848256.0,2157312.0,1698944.0
284695, [p|l],907264.0,691584.0,1207168.0,2806016.0,1898752.0,2114432.0
284695, [p|l],780672.0,846208.0,1056640.0,2683520.0,1902848.0,1837312.0
284695, [p|l],783104.0,847232.0,854528.0,2484864.0,1701760.0,1637632.0
284695, [p|l],999808.0,892416.0,1037312.0,2929536.0,1929728.0,2037120.0
284695, [p|l],992640.0,441088.0,1424128.0,2857856.0,1865216.0,2416768.0
284695, [p|l],721536.0,823168.0,1272448.0,2817152.0,2095616.0,1993984.0
284695, [p|l],567168.0,700416.0,982016.0,2249600.0,1682432.0,1549184.0
284695, [p|l],628096.0,635136.0,964736.0,2227968.0,1599872.0,1592832.0
284695, [p|l],968960.0,1202816.0,1043072.0,3214848.0,2245888.0,2012032.0
284695, [p|l],930048.0,759936.0,1190784.0,2880768.0,1950720.0,2120832.0
284695, [p|l],499328.0,764160.0,1101440.0,2364928.0,1865600.0,1600768.0
284695, [p|l],721280.0,640896.0,721152.0,2083328.0,1362048.0,1442432.0
284695, [p|l],698112.0,784640.0,848896.0,2331648.0,1633536.0,1547008.0
284695, [p|l],828800.0,665216.0,1213184.0,2707200.0,1878400.0,2041984.0
284695, [p|l],280064.0,1499136.0,2064768.0,3843968.0,3563904.0,2344832.0
284695, [p|l],196864.0,641792.0,4386304.0,5224960.0,5028096.0,4583168.0
284695, [p|l],468864.0,1004416.0,1156224.0,2629504.0,2160640.0,1625088.0
284695, [p|l],312704.0,783616.0,1686912.0,2783232.0,2470528.0,1999616.0
284695, [p|l],847232.0,1020288.0,2226432.0,4093952.0,3246720.0,3073664.0
284695, [p|l],624896.0,994688.0,1216896.0,2836480.0,2211584.0,1841792.0
284695, [p|l],290176.0,936576.0,1484160.0,2710912.0,2420736.0,1774336.0
284695, [p|l],686336.0,999168.0,841856.0,2527360.0,1841024.0,1528192.0
284695, [p|l],560512.0,470656.0,1003392.0,2034560.0,1474048.0,1563904.0
284695, [p|l],636672.0,706944.0,1378688.0,2722304.0,2085632.0,2015360.0
284695, [p|l],534016.0,843904.0,1308160.0,2686080.0,2152064.0,1842176.0
284695, [p|l],954240.0,1000576.0,1282432.0,3237248.0,2283008.0,2236672.0
284695, [p|l],686848.0,845568.0,1163520.0,2695936.0,2009088.0,1850368.0
284695, [p|l],249984.0,958848.0,2986624.0,4195456.0,3945472.0,3236608.0
284695, [p|l],522240.0,195456.0,739840.0,1457536.0,935296.0,1262080.0
284695, [p|l],840576.0,1026560.0,1139840.0,3006976.0,2166400.0,1980416.0
284695, [p|l],99584.0,622208.0,1060992.0,1782784.0,1683200.0,1160576.0
284695, [p|l],480128.0,1132032.0,1160576.0,2772736.0,2292608.0,1640704.0
284695, [p|l],847616.0,673152.0,1636736.0,3157504.0,2309888.0,2484352.0
284695, [p|l],593664.0,1175936.0,1273856.0,3043456.0,2449792.0,1867520.0
284695, [p|l],129920.0,1162368.0,1966848.0,3259136.0,3129216.0,2096768.0
284695, [p|l],310912.0,790912.0,2539904.0,3641728.0,3330816.0,2850816.0
284695, [p|l],972032.0,156672.0,1266688.0,2395392.0,1423360.0,2238720.0
284695, [p|l],843520.0,537216.0,1360256.0,2740992.0,1897472.0,2203776.0
284695, [p|l],260608.0,839168.0,1789440.0,2889216.0,2628608.0,2050048.0
284695, [p|l],630784.0,942592.0,1004288.0,2577664.0,1946880.0,1635072.0
284695, [p|l],337920.0,934016.0,1807616.0,3079552.0,2741632.0,2145536.0
284695, [p|l],1121792.0,921472.0,1963008.0,4006272.0,2884480.0,3084800.0
284695, [p|l],690304.0,782208.0,1000832.0,2473344.0,1783040.0,1691136.0
284695, [p|l],684160.0,1236736.0,1123456.0,3044352.0,2360192.0,1807616.0
284695, [p|l],215552.0,1102848.0,1453952.0,2772352.0,2556800.0,1669504.0
284695, [p|l],844544.0,688640.0,2366464.0,3899648.0,3055104.0,3211008.0
284695, [p|l],391424.0,959872.0,1357440.0,2708736.0,2317312.0,1748864.0
284695, [p|l],846592.0,373504.0,1312768.0,2532864.0,1686272.0,2159360.0
284695, [p|l],786176.0,845952.0,1001088.0,2633216.0,1847040.0,1787264.0
284695, [p|l],680832.0,771200.0,1068416.0,2520448.0,1839616.0,1749248.0
284695, [p|l],538752.0,745472.0,1629312.0,2913536.0,2374784.0,2168064.0
284695, [p|l],689024.0,673536.0,1326208.0,2688768.0,1999744.0,2015232.0
284695, [p|l],777600.0,1030656.0,1075840.0,2884096.0,2106496.0,1853440.0
284695, [p|l],764928.0,925184.0,876928.0,2567040.0,1802112.0,1641856.0
284695, [p|l],713088.0,713216.0,1817728.0,3244032.0,2530944.0,2530816.0
284695, [p|l],647680.0,440704.0,1146624.0,2235008.0,1587328.0,1794304.0
284695, [p|l],394240.0,991104.0,2613888.0,3999232.0,3604992.0,3008128.0
284695, [p|l],963072.0,998656.0,1440256.0,3401984.0,2438912.0,2403328.0
284695, [p|l],797440.0,800512.0,1046272.0,2644224.0,1846784.0,1843712.0
284695, [p|l],747520.0,1042944.0,937344.0,2727808.0,1980288.0,1684864.0
284695, [p|l],443520.0,408064.0,1567104.0,2418688.0,1975168.0,2010624.0
284695, [p|l],884736.0,1005440.0,3132032.0,5022208.0,4137472.0,4016768.0
284695, [p|l],968960.0,998784.0,1436544.0,3404288.0,2435328.0,2405504.0
284695, [p|l],643072.0,772608.0,880128.0,2295808.0,1652736.0,1523200.0
284695, [p|l],159616.0,185472.0,4411520.0,4756608.0,4596992.0,4571136.0
284695, [p|l],647936.0,886784.0,1159296.0,2694016.0,2046080.0,1807232.0
284695, [p|l],768128.0,1000448.0,1072896.0,2841472.0,2073344.0,1841024.0
284695, [p|l],687104.0,841472.0,1002496.0,2531072.0,1843968.0,1689600.0
284695, [p|l],811520.0,792576.0,4247040.0,5851136.0,5039616.0,5058560.0
284695, [p|l],770688.0,844800.0,765184.0,2380672.0,1609984.0,1535872.0
284695, [p|l],840704.0,1045376.0,2959360.0,4845440.0,4004736.0,3800064.0
284695, [p|l],352640.0,1318400.0,1336448.0,3007488.0,2654848.0,1689088.0
284695, [p|l],745600.0,713728.0,1083264.0,2542592.0,1796992.0,1828864.0
284695, [p|l],864256.0,1491840.0,2298112.0,4654208.0,3789952.0,3162368.0
284695, [p|l],531328.0,1271040.0,1157120.0,2959488.0,2428160.0,1688448.0
284695, [p|l],500224.0,918912.0,1018368.0,2437504.0,1937280.0,1518592.0
284695, [p|l],156288.0,834560.0,1849984.0,2840832.0,2684544.0,2006272.0
284695, [p|l],1002880.0,670848.0,961024.0,2634752.0,1631872.0,1963904.0
284695, [p|l],640896.0,545408.0,1177856.0,2364160.0,1723264.0,1818752.0
284695, [p|l],751232.0,403712.0,1431040.0,2585984.0,1834752.0,2182272.0
284695, [p|l],986112.0,999040.0,1227264.0,3212416.0,2226304.0,2213376.0
284695, [p|l],880896.0,842496.0,1230464.0,2953856.0,2072960.0,2111360.0
284695, [p|l],904832.0,512512.0,3049600.0,4466944.0,3562112.0,3954432.0
284695, [p|l],684544.0,625152.0,1161216.0,2470912.0,1786368.0,1845760.0
284695, [p|l],345984.0,964736.0,1156736.0,2467456.0,2121472.0,1502720.0
284695, [p|l],669696.0,842368.0,912640.0,2424704.0,1755008.0,1582336.0
284695, [p|l],370944.0,731904.0,1213312.0,2316160.0,1945216.0,1584256.0
284695, [p|l],534400.0,692224.0,1154432.0,2381056.0,1846656.0,1688832.0
284695, [p|l],685568.0,695296.0,1148544.0,2529408.0,1843840.0,1834112.0
284695, [p|l],690176.0,797440.0,6486656.0,7974272.0,7284096.0,7176832.0
284695, [p|l],998400.0,1001216.0,4003200.0,6002816.0,5004416.0,5001600.0
284695, [p|l],608640.0,976000.0,1146496.0,2731136.0,2122496.0,1755136.0
284695, [p|l],733568.0,694400.0,1029760.0,2457728.0,1724160.0,1763328.0
284695, [p|l],522624.0,648448.0,4454656.0,5625728.0,5103104.0,4977280.0
284695, [p|l],827392.0,987904.0,1339136.0,3154432.0,2327040.0,2166528.0
284695, [p|l],157056.0,1000064.0,1927040.0,3084160.0,2927104.0,2084096.0
284695, [p|l],925184.0,1372416.0,1038208.0,3335808.0,2410624.0,1963392.0
284695, [p|l],966144.0,1056384.0,1884544.0,3907072.0,2940928.0,2850688.0
284695, [p|l],546432.0,892416.0,2215936.0,3654784.0,3108352.0,2762368.0
284695, [p|l],878464.0,1164416.0,1121408.0,3164288.0,2285824.0,1999872.0
284695, [p|l],541568.0,675456.0,1148032.0,2365056.0,1823488.0,1689600.0
284695, [p|l],841600.0,1001984.0,4546432.0,6390016.0,5548416.0,5388032.0
756382, [p|l],700032.0,1025024.0,2199936.0,3924992.0,3224960.0,2899968.0
756382, [p|l],1120128.0,1120256.0,1520384.0,3760768.0,2640640.0,2640512.0
756382, [p|l],1200000.0,1400064.0,2000000.0,4600064.0,3400064.0,3200000.0
756382, [p|l],770048.0,1100032.0,3910144.0,5780224.0,5010176.0,4680192.0
756382, [p|l],1380096.0,910080.0,1570048.0,3860224.0,2480128.0,2950144.0
756382, [p|l],720128.0,1780096.0,1480064.0,3980288.0,3260160.0,2200192.0
756382, [p|l],1100032.0,1100032.0,1700096.0,3900160.0,2800128.0,2800128.0
756382, [p|l],1250048.0,1100032.0,1399936.0,3750016.0,2499968.0,2649984.0
756382, [p|l],999936.0,1399936.0,1500032.0,3899904.0,2899968.0,2499968.0
756382, [p|l],1399936.0,1500032.0,2400000.0,5299968.0,3900032.0,3799936.0
756382, [p|l],1100032.0,1000064.0,1399936.0,3500032.0,2400000.0,2499968.0
756382, [p|l],860032.0,1510144.0,1300096.0,3670272.0,2810240.0,2160128.0
756382, [p|l],1299968.0,1300096.0,1299968.0,3900032.0,2600064.0,2599936.0
756382, [p|l],1030016.0,1520000.0,2000000.0,4550016.0,3520000.0,3030016.0
756382, [p|l],1100032.0,800000.0,2000000.0,3900032.0,2800000.0,3100032.0
756382, [p|l],1120000.0,1110016.0,1289984.0,3520000.0,2400000.0,2409984.0
756382, [p|l],1440000.0,1100032.0,1600000.0,4140032.0,2700032.0,3040000.0
756382, [p|l],1270016.0,99968.0,2070144.0,3440128.0,2170112.0,3340160.0
756382, [p|l],1030016.0,900096.0,1099904.0,3030016.0,2000000.0,2129920.0
756382, [p|l],950016.0,809984.0,1360000.0,3120000.0,2169984.0,2310016.0
756382, [p|l],870016.0,1130112.0,4240512.0,6240640.0,5370624.0,5110528.0
756382, [p|l],80000.0,720000.0,2720256.0,3520256.0,3440256.0,2800256.0
756382, [p|l],1399936.0,999936.0,1900032.0,4299904.0,2899968.0,3299968.0
756382, [p|l],960128.0,1280128.0,1120000.0,3360256.0,2400128.0,2080128.0
756382, [p|l],860032.0,760064.0,1480064.0,3100160.0,2240128.0,2340096.0
756382, [p|l],470016.0,880000.0,1460096.0,2810112.0,2340096.0,1930112.0
756382, [p|l],770048.0,630016.0,1999744.0,3399808.0,2629760.0,2769792.0
756382, [p|l],560000.0,659968.0,1790080.0,3010048.0,2450048.0,2350080.0
756382, [p|l],1100032.0,1100032.0,2300032.0,4500096.0,3400064.0,3400064.0
756382, [p|l],1209984.0,1280000.0,1479936.0,3969920.0,2759936.0,2689920.0
756382, [p|l],969984.0,960000.0,4899968.0,6829952.0,5859968.0,5869952.0
756382, [p|l],39936.0,740096.0,7549952.0,8329984.0,8290048.0,7589888.0
756382, [p|l],1180032.0,1229952.0,1400064.0,3810048.0,2630016.0,2580096.0
756382, [p|l],969728.0,1029760.0,1359744.0,3359232.0,2389504.0,2329472.0
756382, [p|l],1000064.0,800000.0,1799936.0,3600000.0,2599936.0,2800000.0
756382, [p|l],240000.0,720128.0,2880256.0,3840384.0,3600384.0,3120256.0
756382, [p|l],640000.0,1059968.0,1100032.0,2800000.0,2160000.0,1740032.0
756382, [p|l],1200128.0,1120128.0,1440128.0,3760384.0,2560256.0,2640256.0
756382, [p|l],1399936.0,899968.0,2200064.0,4499968.0,3100032.0,3600000.0
756382, [p|l],899968.0,1299968.0,1500032.0,3699968.0,2800000.0,2400000.0
756382, [p|l],899968.0,800000.0,1400064.0,3100032.0,2200064.0,2300032.0
756382, [p|l],1000064.0,700032.0,1200128.0,2900224.0,1900160.0,2200192.0
756382, [p|l],169984.0,929792.0,2189696.0,3289472.0,3119488.0,2359680.0
756382, [p|l],799872.0,889856.0,1519616.0,3209344.0,2409472.0,2319488.0
756382, [p|l],1070080.0,1600000.0,1600000.0,4270080.0,3200000.0,2670080.0
756382, [p|l],700160.0,1200256.0,1300352.0,3200768.0,2500608.0,2000512.0
756382, [p|l],320000.0,1120128.0,2080256.0,3520384.0,3200384.0,2400256.0
756382, [p|l],1250048.0,1210112.0,1030016.0,3490176.0,2240128.0,2280064.0
756382, [p|l],1000064.0,700032.0,1299968.0,3000064.0,2000000.0,2300032.0
756382, [p|l],1099904.0,1100032.0,1400064.0,3600000.0,2500096.0,2499968.0
756382, [p|l],950016.0,800000.0,1920000.0,3670016.0,2720000.0,2870016.0
756382, [p|l],1000064.0,1100032.0,2109952.0,4210048.0,3209984.0,3110016.0
756382, [p|l],1010048.0,1040000.0,1500032.0,3550080.0,2540032.0,2510080.0
756382, [p|l],1080064.0,800128.0,1710080.0,3590272.0,2510208.0,2790144.0
756382, [p|l],720000.0,1030144.0,1420032.0,3170176.0,2450176.0,2140032.0
756382, [p|l],850048.0,1250048.0,2000000.0,4100096.0,3250048.0,2850048.0
756382, [p|l],800000.0,720128.0,3260160.0,4780288.0,3980288.0,4060160.0
756382, [p|l],1300096.0,1200128.0,2000128.0,4500352.0,3200256.0,3300224.0
756382, [p|l],1049984.0,1310080.0,1920000.0,4280064.0,3230080.0,2969984.0
756382, [p|l],675072.0,950016.0,1774976.0,3400064.0,2724992.0,2450048.0
756382, [p|l],830080.0,1150080.0,1609984.0,3590144.0,2760064.0,2440064.0
756382, [p|l],1000064.0,1100032.0,1200000.0,3300096.0,2300032.0,2200064.0
756382, [p|l],1025024.0,1124992.0,1299968.0,3449984.0,2424960.0,2324992.0
756382, [p|l],880000.0,1200000.0,1620096.0,3700096.0,2820096.0,2500096.0
756382, [p|l],1399936.0,800000.0,4600064.0,6800000.0,5400064.0,6000000.0
756382, [p|l],1259904.0,310016.0,1689856.0,3259776.0,1999872.0,2949760.0
756382, [p|l],899968.0,1400064.0,1600000.0,3900032.0,3000064.0,2499968.0
756382, [p|l],899968.0,800000.0,1600000.0,3299968.0,2400000.0,2499968.0
756382, [p|l],1080064.0,790016.0,1370112.0,3240192.0,2160128.0,2450176.0
756382, [p|l],700032.0,1100032.0,1600000.0,3400064.0,2700032.0,2300032.0
756382, [p|l],800128.0,499968.0,1800064.0,3100160.0,2300032.0,2600192.0
756382, [p|l],1200000.0,800000.0,1400064.0,3400064.0,2200064.0,2600064.0
756382, [p|l],1299968.0,1000064.0,2400000.0,4700032.0,3400064.0,3699968.0
756382, [p|l],939904.0,799872.0,1499904.0,3239680.0,2299776.0,2439808.0
756382, [p|l],720000.0,640128.0,1520128.0,2880256.0,2160256.0,2240128.0
756382, [p|l],1120000.0,1119872.0,4639488.0,6879360.0,5759360.0,5759488.0
756382, [p|l],800128.0,1040128.0,1280128.0,3120384.0,2320256.0,2080256.0
756382, [p|l],899968.0,700032.0,1399936.0,2999936.0,2099968.0,2299904.0
756382, [p|l],880640.0,880512.0,1280896.0,3042048.0,2161408.0,2161536.0
756382, [p|l],110080.0,829952.0,2890112.0,3830144.0,3720064.0,3000192.0
756382, [p|l],700032.0,1659904.0,5219968.0,7579904.0,6879872.0,5920000.0
756382, [p|l],1050112.0,1030016.0,1410048.0,3490176.0,2440064.0,2460160.0
756382, [p|l],920064.0,1300096.0,1770112.0,3990272.0,3070208.0,2690176.0
756382, [p|l],1040000.0,1449984.0,1360000.0,3849984.0,2809984.0,2400000.0
756382, [p|l],870144.0,960000.0,1520128.0,3350272.0,2480128.0,2390272.0
756382, [p|l],1010048.0,979968.0,1530112.0,3520128.0,2510080.0,2540160.0
756382, [p|l],809984.0,1049984.0,1500032.0,3360000.0,2550016.0,2310016.0
756382, [p|l],1120000.0,1430016.0,1200000.0,3750016.0,2630016.0,2320000.0
756382, [p|l],969984.0,1650048.0,1840128.0,4460160.0,3490176.0,2810112.0
756382, [p|l],1309952.0,729984.0,1299968.0,3339904.0,2029952.0,2609920.0
756382, [p|l],870144.0,1260032.0,1300096.0,3430272.0,2560128.0,2170240.0
756382, [p|l],849920.0,969984.0,1200128.0,3020032.0,2170112.0,2050048.0
756382, [p|l],799744.0,559872.0,1679488.0,3039104.0,2239360.0,2479232.0
756382, [p|l],1350016.0,1430144.0,1600128.0,4380288.0,3030272.0,2950144.0
756382, [p|l],1090048.0,1060096.0,1570048.0,3720192.0,2630144.0,2660096.0
756382, [p|l],930176.0,840064.0,1360000.0,3130240.0,2200064.0,2290176.0
756382, [p|l],969984.0,870016.0,1700096.0,3540096.0,2570112.0,2670080.0
756382, [p|l],450048.0,950016.0,1860224.0,3260288.0,2810240.0,2310272.0
756382, [p|l],950016.0,880000.0,1529984.0,3360000.0,2409984.0,2480000.0
756382, [p|l],720000.0,500096.0,1200000.0,2420096.0,1700096.0,1920000.0
756382, [p|l],1300096.0,800128.0,3140096.0,5240320.0,3940224.0,4440192.0
756382, [p|l],99968.0,1010048.0,2489984.0,3600000.0,3500032.0,2589952.0
756382, [p|l],839936.0,899968.0,1400064.0,3139968.0,2300032.0,2240000.0
756382, [p|l],540032.0,880000.0,1440128.0,2860160.0,2320128.0,1980160.0
756382, [p|l],810112.0,600064.0,1799936.0,3210112.0,2400000.0,2610048.0
756382, [p|l],1025024.0,1050112.0,1524992.0,3600128.0,2575104.0,2550016.0
756382, [p|l],1100032.0,1400064.0,1299968.0,3800064.0,2700032.0,2400000.0
756382, [p|l],999936.0,1099904.0,2030080.0,4129920.0,3129984.0,3030016.0
756382, [p|l],1200000.0,1200000.0,1900032.0,4300032.0,3100032.0,3100032.0
756382, [p|l],1720192.0,1590144.0,3450240.0,6760576.0,5040384.0,5170432.0
756382, [p|l],1299968.0,700032.0,5600128.0,7600128.0,6300160.0,6900096.0
756382, [p|l],1059840.0,929920.0,1309824.0,3299584.0,2239744.0,2369664.0
756382, [p|l],970240.0,1040128.0,1430272.0,3440640.0,2470400.0,2400512.0
756382, [p|l],910080.0,659968.0,1300096.0,2870144.0,1960064.0,2210176.0
756382, [p|l],1200000.0,1100032.0,1300096.0,3600128.0,2400128.0,2500096.0
756382, [p|l],1100032.0,1290112.0,1500032.0,3890176.0,2790144.0,2600064.0
756382, [p|l],950016.0,1100160.0,2000000.0,4050176.0,3100160.0,2950016.0
756382, [p|l],200064.0,974976.0,2349952.0,3524992.0,3324928.0,2550016.0
756382, [p|l],200064.0,1124992.0,3200000.0,4525056.0,4324992.0,3400064.0
756382, [p|l],1090048.0,1160064.0,1300096.0,3550208.0,2460160.0,2390144.0
756382, [p|l],1040512.0,1210624.0,1520768.0,3771904.0,2731392.0,2561280.0
756382, [p|l],960000.0,729984.0,3270016.0,4960000.0,4000000.0,4230016.0
756382, [p|l],700032.0,1490176.0,1490176.0,3680384.0,2980352.0,2190208.0
756382, [p|l],1299968.0,1499904.0,1700096.0,4499968.0,3200000.0,3000064.0
756382, [p|l],1020032.0,699904.0,1500032.0,3219968.0,2199936.0,2520064.0
756382, [p|l],800128.0,499968.0,1299968.0,2600064.0,1799936.0,2100096.0
756382, [p|l],830080.0,1210112.0,1160064.0,3200256.0,2370176.0,1990144.0
756382, [p|l],640000.0,1170048.0,1330048.0,3140096.0,2500096.0,1970048.0
756382, [p|l],798976.0,1278336.0,1677824.0,3755136.0,2956160.0,2476800.0
756382, [p|l],1030016.0,720000.0,1269760.0,3019776.0,1989760.0,2299776.0
756382, [p|l],1580032.0,1350144.0,11030272.0,13960448.0,12380416.0,12610304.0
756382, [p|l],1080064.0,1000064.0,1400064.0,3480192.0,2400128.0,2480128.0
756382, [p|l],899968.0,640128.0,2450048.0,3990144.0,3090176.0,3350016.0
756382, [p|l],800128.0,809984.0,2000000.0,3610112.0,2809984.0,2800128.0
756382, [p|l],1299968.0,900096.0,2300032.0,4500096.0,3200128.0,3600000.0
756382, [p|l],1200000.0,1200000.0,4169984.0,6569984.0,5369984.0,5369984.0
756382, [p|l],100096.0,600064.0,5100032.0,5800192.0,5700096.0,5200128.0
756382, [p|l],1500032.0,900096.0,3000064.0,5400192.0,3900160.0,4500096.0
756382, [p|l],800000.0,1290112.0,5200000.0,7290112.0,6490112.0,6000000.0
756382, [p|l],1400064.0,800000.0,3600256.0,5800320.0,4400256.0,5000320.0
756382, [p|l],1009280.0,659584.0,1329280.0,2998144.0,1988864.0,2338560.0
756382, [p|l],60032.0,960128.0,1980032.0,3000192.0,2940160.0,2040064.0
756382, [p|l],569216.0,1607808.0,4653696.0,6830720.0,6261504.0,5222912.0
756382, [p|l],1200000.0,800000.0,5000064.0,7000064.0,5800064.0,6200064.0
756382, [p|l],700032.0,1100032.0,1299968.0,3100032.0,2400000.0,2000000.0
756382, [p|l],1200000.0,400000.0,2000000.0,3600000.0,2400000.0,3200000.0
756382, [p|l],1230080.0,990080.0,1609984.0,3830144.0,2600064.0,2840064.0
756382, [p|l],899968.0,1200000.0,2000000.0,4099968.0,3200000.0,2899968.0
756382, [p|l],1000064.0,700032.0,1399936.0,3100032.0,2099968.0,2400000.0
756382, [p|l],1069952.0,690048.0,1440000.0,3200000.0,2130048.0,2509952.0
756382, [p|l],1129984.0,910208.0,1640064.0,3680256.0,2550272.0,2770048.0
756382, [p|l],900096.0,800000.0,1499904.0,3200000.0,2299904.0,2400000.0
756382, [p|l],1500032.0,889984.0,1300096.0,3690112.0,2190080.0,2800128.0
756382, [p|l],999936.0,729984.0,1400064.0,3129984.0,2130048.0,2400000.0
756382, [p|l],969984.0,1059968.0,1469952.0,3499904.0,2529920.0,2439936.0
756382, [p|l],1049984.0,890112.0,1350016.0,3290112.0,2240128.0,2400000.0
756382, [p|l],950016.0,979968.0,1699968.0,3629952.0,2679936.0,2649984.0
756382, [p|l],919808.0,1599360.0,1409536.0,3928704.0,3008896.0,2329344.0
756382, [p|l],969984.0,880000.0,1200000.0,3049984.0,2080000.0,2169984.0
756382, [p|l],700032.0,699904.0,1500032.0,2899968.0,2199936.0,2200064.0
756382, [p|l],1209984.0,1200000.0,1830016.0,4240000.0,3030016.0,3040000.0
756382, [p|l],1360512.0,960384.0,2641152.0,4962048.0,3601536.0,4001664.0
756382, [p|l],1380096.0,750080.0,1890176.0,4020352.0,2640256.0,3270272.0
756382, [p|l],1149952.0,820096.0,1280000.0,3250048.0,2100096.0,2429952.0
756382, [p|l],1109888.0,1570048.0,1699968.0,4379904.0,3270016.0,2809856.0
756382, [p|l],825088.0,899968.0,1350016.0,3075072.0,2249984.0,2175104.0
756382, [p|l],670080.0,1100032.0,1299968.0,3070080.0,2400000.0,1970048.0
756382, [p|l],899968.0,1030016.0,1300096.0,3230080.0,2330112.0,2200064.0
756382, [p|l],960128.0,1200128.0,1520128.0,3680384.0,2720256.0,2480256.0
756382, [p|l],210176.0,680576.0,2591616.0,3482368.0,3272192.0,2801792.0
756382, [p|l],1190144.0,640128.0,1440256.0,3270528.0,2080384.0,2630400.0
756382, [p|l],1049984.0,1249920.0,2300032.0,4599936.0,3549952.0,3350016.0
756382, [p|l],999808.0,969856.0,1599488.0,3569152.0,2569344.0,2599296.0
756382, [p|l],840064.0,1280000.0,1500032.0,3620096.0,2780032.0,2340096.0
756382, [p|l],1299968.0,299904.0,3900160.0,5500032.0,4200064.0,5200128.0
756382, [p|l],300032.0,1040000.0,1970048.0,3310080.0,3010048.0,2270080.0
756382, [p|l],1400064.0,760064.0,15570432.0,17730560.0,16330496.0,16970496.0
756382, [p|l],660096.0,729984.0,1799936.0,3190016.0,2529920.0,2460032.0
756382, [p|l],940032.0,899968.0,1500032.0,3340032.0,2400000.0,2440064.0
756382, [p|l],910080.0,824960.0,1675008.0,3410048.0,2499968.0,2585088.0
756382, [p|l],930176.0,770176.0,1280128.0,2980480.0,2050304.0,2210304.0
756382, [p|l],1230080.0,540032.0,2310016.0,4080128.0,2850048.0,3540096.0
756382, [p|l],699904.0,800000.0,1720192.0,3220096.0,2520192.0,2420096.0
756382, [p|l],160000.0,800128.0,2800256.0,3760384.0,3600384.0,2960256.0
756382, [p|l],1249536.0,1719296.0,4957952.0,7926784.0,6677248.0,6207488.0
756382, [p|l],660096.0,220032.0,1899904.0,2780032.0,2119936.0,2560000.0
756382, [p|l],550016.0,1030016.0,1369984.0,2950016.0,2400000.0,1920000.0
756382, [p|l],1290112.0,1100032.0,1099904.0,3490048.0,2199936.0,2390016.0
756382, [p|l],1275008.0,1675008.0,1925120.0,4875136.0,3600128.0,3200128.0
756382, [p|l],310016.0,1250048.0,1329920.0,2889984.0,2579968.0,1639936.0
756382, [p|l],1430016.0,850048.0,1190016.0,3470080.0,2040064.0,2620032.0
756382, [p|l],880128.0,320000.0,1880320.0,3080448.0,2200320.0,2760448.0
756382, [p|l],1129984.0,990080.0,2500096.0,4620160.0,3490176.0,3630080.0
756382, [p|l],700032.0,999936.0,1500032.0,3200000.0,2499968.0,2200064.0
756382, [p|l],1200128.0,880128.0,4880512.0,6960768.0,5760640.0,6080640.0
756382, [p|l],870016.0,1100032.0,1500032.0,3470080.0,2600064.0,2370048.0
756382, [p|l],1000064.0,1000064.0,1300224.0,3300352.0,2300288.0,2300288.0
756382, [p|l],1000064.0,1440128.0,1900032.0,4340224.0,3340160.0,2900096.0
756382, [p|l],1438336.0,1258496.0,7760896.0,10457728.0,9019392.0,9199232.0
756382, [p|l],1100032.0,1600000.0,1299968.0,4000000.0,2899968.0,2400000.0
808884, [p|l],720000.0,880128.0,800128.0,2400256.0,1680256.0,1520128.0
808884, [p|l],720128.0,720000.0,960128.0,2400256.0,1680128.0,1680256.0
808884, [p|l],471296.0,590720.0,1060992.0,2123008.0,1651712.0,1532288.0
808884, [p|l],624000.0,625024.0,1250944.0,2499968.0,1875968.0,1874944.0
808884, [p|l],476288.0,264832.0,1114880.0,1856000.0,1379712.0,1591168.0
808884, [p|l],880000.0,850048.0,1129984.0,2860032.0,1980032.0,2009984.0
808884, [p|l],625024.0,1091840.0,1250048.0,2966912.0,2341888.0,1875072.0
808884, [p|l],550016.0,870016.0,3520000.0,4940032.0,4390016.0,4070016.0
808884, [p|l],397440.0,566400.0,876032.0,1839872.0,1442432.0,1273472.0
808884, [p|l],625024.0,469504.0,936832.0,2031360.0,1406336.0,1561856.0
808884, [p|l],640512.0,638336.0,799616.0,2078464.0,1437952.0,1440128.0
808884, [p|l],640000.0,720000.0,1520000.0,2880000.0,2240000.0,2160000.0
808884, [p|l],830080.0,579968.0,1229952.0,2640000.0,1809920.0,2060032.0
808884, [p|l],562048.0,559744.0,957056.0,2078848.0,1516800.0,1519104.0
808884, [p|l],720000.0,720000.0,960000.0,2400000.0,1680000.0,1680000.0
808884, [p|l],640000.0,720000.0,1040000.0,2400000.0,1760000.0,1680000.0
808884, [p|l],559104.0,399616.0,958208.0,1916928.0,1357824.0,1517312.0
808884, [p|l],639744.0,643456.0,1277312.0,2560512.0,1920768.0,1917056.0
808884, [p|l],889984.0,800128.0,790144.0,2480256.0,1590272.0,1680128.0
808884, [p|l],557056.0,882432.0,880896.0,2320384.0,1763328.0,1437952.0
808884, [p|l],640000.0,640000.0,2960000.0,4240000.0,3600000.0,3600000.0
808884, [p|l],561152.0,562944.0,1277440.0,2401536.0,1840384.0,1838592.0
808884, [p|l],622080.0,471168.0,1094144.0,2187392.0,1565312.0,1716224.0
808884, [p|l],639872.0,640128.0,961152.0,2241152.0,1601280.0,1601024.0
808884, [p|l],720000.0,540032.0,1219968.0,2480000.0,1760000.0,1939968.0
808884, [p|l],489984.0,720000.0,1600000.0,2809984.0,2320000.0,2089984.0
808884, [p|l],560768.0,563328.0,1036800.0,2160896.0,1600128.0,1597568.0
808884, [p|l],769920.0,850048.0,1010048.0,2630016.0,1860096.0,1779968.0
808884, [p|l],889984.0,829952.0,909952.0,2629888.0,1739904.0,1799936.0
808884, [p|l],889984.0,979968.0,790016.0,2659968.0,1769984.0,1680000.0
808884, [p|l],800000.0,959104.0,3361280.0,5120384.0,4320384.0,4161280.0
808884, [p|l],561152.0,639616.0,1120000.0,2320768.0,1759616.0,1681152.0
808884, [p|l],960000.0,800000.0,2560000.0,4320000.0,3360000.0,3520000.0
808884, [p|l],321408.0,802944.0,955648.0,2080000.0,1758592.0,1277056.0
808884, [p|l],859904.0,560000.0,4260096.0,5680000.0,4820096.0,5120000.0
808884, [p|l],639488.0,400384.0,1199488.0,2239360.0,1599872.0,1838976.0
808884, [p|l],550016.0,729984.0,1120000.0,2400000.0,1849984.0,1670016.0
808884, [p|l],625024.0,312576.0,1564928.0,2502528.0,1877504.0,2189952.0
808884, [p|l],790016.0,810112.0,1189888.0,2790016.0,2000000.0,1979904.0
808884, [p|l],809984.0,800000.0,790016.0,2400000.0,1590016.0,1600000.0
808884, [p|l],800000.0,640128.0,2880256.0,4320384.0,3520384.0,3680256.0
808884, [p|l],482304.0,639744.0,1277952.0,2400000.0,1917696.0,1760256.0
808884, [p|l],640256.0,801408.0,958464.0,2400128.0,1759872.0,1598720.0
808884, [p|l],800000.0,599936.0,3160064.0,4560000.0,3760000.0,3960064.0
808884, [p|l],840064.0,819968.0,2269952.0,3929984.0,3089920.0,3110016.0
808884, [p|l],562816.0,720512.0,1198976.0,2482304.0,1919488.0,1761792.0
808884, [p|l],994176.0,368000.0,1388928.0,2751104.0,1756928.0,2383104.0
808884, [p|l],634880.0,483584.0,1120256.0,2238720.0,1603840.0,1755136.0
808884, [p|l],720000.0,640000.0,1120000.0,2480000.0,1760000.0,1840000.0
808884, [p|l],638080.0,399872.0,3438080.0,4476032.0,3837952.0,4076160.0
808884, [p|l],939904.0,619904.0,1060096.0,2619904.0,1680000.0,2000000.0
808884, [p|l],720000.0,800128.0,800128.0,2320256.0,1600256.0,1520128.0
808884, [p|l],482944.0,562048.0,957056.0,2002048.0,1519104.0,1440000.0
808884, [p|l],779904.0,1200000.0,800000.0,2779904.0,2000000.0,1579904.0
808884, [p|l],920064.0,779904.0,1100032.0,2800000.0,1879936.0,2020096.0
808884, [p|l],720000.0,720000.0,1920256.0,3360256.0,2640256.0,2640256.0
808884, [p|l],483456.0,560640.0,1037312.0,2081408.0,1597952.0,1520768.0
808884, [p|l],880000.0,800000.0,1200000.0,2880000.0,2000000.0,2080000.0
808884, [p|l],800128.0,720128.0,880000.0,2400256.0,1600128.0,1680128.0
808884, [p|l],637824.0,480128.0,3041024.0,4158976.0,3521152.0,3678848.0
808884, [p|l],720000.0,640000.0,1039744.0,2399744.0,1679744.0,1759744.0
808884, [p|l],800128.0,720128.0,6880640.0,8400896.0,7600768.0,7680768.0
808884, [p|l],640000.0,800128.0,5200512.0,6640640.0,6000640.0,5840512.0
808884, [p|l],639872.0,800512.0,1437952.0,2878336.0,2238464.0,2077824.0
808884, [p|l],720128.0,640000.0,800128.0,2160256.0,1440128.0,1520256.0
808884, [p|l],800128.0,400128.0,899968.0,2100224.0,1300096.0,1700096.0
808884, [p|l],898816.0,699008.0,599168.0,2196992.0,1298176.0,1497984.0
808884, [p|l],599808.0,599680.0,799616.0,1999104.0,1399296.0,1399424.0
808884, [p|l],641536.0,641280.0,14078720.0,15361536.0,14720000.0,14720256.0
808884, [p|l],559616.0,480384.0,1202176.0,2242176.0,1682560.0,1761792.0
808884, [p|l],800128.0,400000.0,3440384.0,4640512.0,3840384.0,4240512.0
808884, [p|l],720128.0,800128.0,720000.0,2240256.0,1520128.0,1440128.0
808884, [p|l],600064.0,800000.0,800000.0,2200064.0,1600000.0,1400064.0
808884, [p|l],480000.0,640000.0,1119488.0,2239488.0,1759488.0,1599488.0
808884, [p|l],650368.0,535808.0,1693184.0,2879360.0,2228992.0,2343552.0
808884, [p|l],612992.0,478592.0,1066368.0,2157952.0,1544960.0,1679360.0
808884, [p|l],638976.0,641408.0,1121024.0,2401408.0,1762432.0,1760000.0
808884, [p|l],635392.0,641152.0,960768.0,2237312.0,1601920.0,1596160.0
808884, [p|l],640384.0,480128.0,959872.0,2080384.0,1440000.0,1600256.0
808884, [p|l],636032.0,644352.0,1758848.0,3039232.0,2403200.0,2394880.0
808884, [p|l],690048.0,700032.0,900096.0,2290176.0,1600128.0,1590144.0
808884, [p|l],533888.0,475904.0,1225472.0,2235264.0,1701376.0,1759360.0
808884, [p|l],798080.0,718720.0,1281280.0,2798080.0,2000000.0,2079360.0
808884, [p|l],960000.0,1280128.0,640128.0,2880256.0,1920256.0,1600128.0
808884, [p|l],369152.0,504704.0,1202560.0,2076416.0,1707264.0,1571712.0
808884, [p|l],637952.0,642560.0,3998080.0,5278592.0,4640640.0,4636032.0
808884, [p|l],800128.0,880128.0,800000.0,2480256.0,1680128.0,1600128.0
808884, [p|l],800000.0,730112.0,2160256.0,3690368.0,2890368.0,2960256.0
808884, [p|l],800128.0,720128.0,800000.0,2320256.0,1520128.0,1600128.0
808884, [p|l],803200.0,639360.0,1438336.0,2880896.0,2077696.0,2241536.0
808884, [p|l],485248.0,637312.0,1278208.0,2400768.0,1915520.0,1763456.0
808884, [p|l],477184.0,636544.0,1762432.0,2876160.0,2398976.0,2239616.0
808884, [p|l],395520.0,559744.0,802816.0,1758080.0,1362560.0,1198336.0
808884, [p|l],478464.0,639360.0,1280512.0,2398336.0,1919872.0,1758976.0
808884, [p|l],720128.0,720128.0,2960256.0,4400512.0,3680384.0,3680384.0
808884, [p|l],640000.0,635904.0,962048.0,2237952.0,1597952.0,1602048.0
808884, [p|l],477568.0,481152.0,962176.0,1920896.0,1443328.0,1439744.0
808884, [p|l],720000.0,880128.0,720128.0,2320256.0,1600256.0,1440128.0
808884, [p|l],638336.0,640256.0,6720640.0,7999232.0,7360896.0,7358976.0
808884, [p|l],800000.0,1040128.0,1040128.0,2880256.0,2080256.0,1840128.0
808884, [p|l],639232.0,641792.0,1282688.0,2563712.0,1924480.0,1921920.0
808884, [p|l],720128.0,880128.0,800000.0,2400256.0,1680128.0,1520128.0
808884, [p|l],640000.0,800128.0,880128.0,2320256.0,1680256.0,1520128.0
808884, [p|l],720128.0,800000.0,1200128.0,2720256.0,2000128.0,1920256.0
808884, [p|l],800128.0,800000.0,960128.0,2560256.0,1760128.0,1760256.0
808884, [p|l],477952.0,640000.0,1122176.0,2240128.0,1762176.0,1600128.0
808884, [p|l],640000.0,800000.0,960128.0,2400128.0,1760128.0,1600128.0
808884, [p|l],470400.0,1247232.0,1718912.0,3436544.0,2966144.0,2189312.0
808884, [p|l],637312.0,640256.0,1120128.0,2397696.0,1760384.0,1757440.0
808884, [p|l],604800.0,641280.0,922752.0,2168832.0,1564032.0,1527552.0
808884, [p|l],640000.0,720000.0,720128.0,2080128.0,1440128.0,1360128.0
808884, [p|l],479104.0,481664.0,1281280.0,2242048.0,1762944.0,1760384.0
808884, [p|l],471168.0,625536.0,1405696.0,2502400.0,2031232.0,1876864.0
808884, [p|l],476544.0,798080.0,1283072.0,2557696.0,2081152.0,1759616.0
808884, [p|l],642176.0,637184.0,961280.0,2240640.0,1598464.0,1603456.0
808884, [p|l],880128.0,960128.0,560000.0,2400256.0,1520128.0,1440128.0
808884, [p|l],480384.0,799744.0,802816.0,2082944.0,1602560.0,1283200.0
808884, [p|l],800000.0,960128.0,720128.0,2480256.0,1680256.0,1520128.0
808884, [p|l],636928.0,638464.0,963968.0,2239360.0,1602432.0,1600896.0
808884, [p|l],639104.0,484608.0,959360.0,2083072.0,1443968.0,1598464.0
808884, [p|l],720128.0,720128.0,800000.0,2240256.0,1520128.0,1520128.0
808884, [p|l],640128.0,560128.0,1040000.0,2240256.0,1600128.0,1680128.0
808884, [p|l],640000.0,720128.0,880128.0,2240256.0,1600256.0,1520128.0
808884, [p|l],720128.0,880128.0,640000.0,2240256.0,1520128.0,1360128.0
808884, [p|l],800000.0,880128.0,720128.0,2400256.0,1600256.0,1520128.0
808884, [p|l],690048.0,740096.0,990080.0,2420224.0,1730176.0,1680128.0
808884, [p|l],320768.0,477440.0,3359232.0,4157440.0,3836672.0,3680000.0
808884, [p|l],809984.0,930048.0,610048.0,2350080.0,1540096.0,1420032.0
808884, [p|l],641024.0,637312.0,959360.0,2237696.0,1596672.0,1600384.0
808884, [p|l],638848.0,639744.0,959360.0,2237952.0,1599104.0,1598208.0
808884, [p|l],800000.0,880128.0,1200128.0,2880256.0,2080256.0,2000128.0
808884, [p|l],642048.0,639872.0,797312.0,2079232.0,1437184.0,1439360.0
808884, [p|l],800128.0,640000.0,960128.0,2400256.0,1600128.0,1760256.0
808884, [p|l],640128.0,800128.0,880000.0,2320256.0,1680128.0,1520128.0
808884, [p|l],640000.0,640128.0,1280128.0,2560256.0,1920256.0,1920128.0
808884, [p|l],469120.0,465792.0,1093888.0,2028800.0,1559680.0,1563008.0
808884, [p|l],800128.0,720000.0,800128.0,2320256.0,1520128.0,1600256.0
808884, [p|l],640512.0,640000.0,957568.0,2238080.0,1597568.0,1598080.0
808884, [p|l],479744.0,479616.0,1598208.0,2557568.0,2077824.0,2077952.0
808884, [p|l],641408.0,483584.0,958208.0,2083200.0,1441792.0,1599616.0
808884, [p|l],480000.0,478336.0,3839872.0,4798208.0,4318208.0,4319872.0
808884, [p|l],479744.0,644480.0,956416.0,2080640.0,1600896.0,1436160.0
808884, [p|l],540032.0,610048.0,1270016.0,2420096.0,1880064.0,1810048.0
808884, [p|l],480128.0,479744.0,2559104.0,3518976.0,3038848.0,3039232.0
808884, [p|l],648704.0,596608.0,1563136.0,2808448.0,2159744.0,2211840.0
808884, [p|l],960512.0,1278976.0,1118848.0,3358336.0,2397824.0,2079360.0
808884, [p|l],797312.0,480000.0,1282048.0,2559360.0,1762048.0,2079360.0
808884, [p|l],400640.0,558592.0,1200128.0,2159360.0,1758720.0,1600768.0
808884, [p|l],700032.0,700032.0,1000064.0,2400128.0,1700096.0,1700096.0
808884, [p|l],640000.0,720000.0,1040128.0,2400128.0,1760128.0,1680128.0
808884, [p|l],800128.0,720000.0,1120128.0,2640256.0,1840128.0,1920256.0
808884, [p|l],638592.0,483712.0,1116672.0,2238976.0,1600384.0,1755264.0
808884, [p|l],827392.0,885888.0,781184.0,2494464.0,1667072.0,1608576.0
808884, [p|l],479616.0,642688.0,1436288.0,2558592.0,2078976.0,1915904.0
808884, [p|l],641920.0,560000.0,959360.0,2161280.0,1519360.0,1601280.0
808884, [p|l],720128.0,640128.0,960000.0,2320256.0,1600128.0,1680128.0
808884, [p|l],800128.0,720128.0,2400128.0,3920384.0,3120256.0,3200256.0
808884, [p|l],483200.0,479488.0,1119104.0,2081792.0,1598592.0,1602304.0
808884, [p|l],800000.0,1010048.0,880128.0,2690176.0,1890176.0,1680128.0
808884, [p|l],480640.0,640000.0,958592.0,2079232.0,1598592.0,1439232.0
808884, [p|l],720128.0,320000.0,1120128.0,2160256.0,1440128.0,1840256.0
808884, [p|l],839936.0,720128.0,2360192.0,3920256.0,3080320.0,3200128.0
808884, [p|l],639360.0,479872.0,1281920.0,2401152.0,1761792.0,1921280.0
808884, [p|l],642688.0,639104.0,954880.0,2236672.0,1593984.0,1597568.0
808884, [p|l],638592.0,640128.0,1120512.0,2399232.0,1760640.0,1759104.0
808884, [p|l],499968.0,809984.0,720128.0,2030080.0,1530112.0,1220096.0
808884, [p|l],637440.0,599168.0,893440.0,2130048.0,1492608.0,1530880.0
808884, [p|l],797824.0,641920.0,1760640.0,3200384.0,2402560.0,2558464.0
808884, [p|l],637696.0,481536.0,5600384.0,6719616.0,6081920.0,6238080.0
808884, [p|l],801536.0,479232.0,1281536.0,2562304.0,1760768.0,2083072.0
808884, [p|l],557184.0,395904.0,962048.0,1915136.0,1357952.0,1519232.0
808884, [p|l],490112.0,729984.0,3920256.0,5140352.0,4650240.0,4410368.0
808884, [p|l],638976.0,639104.0,1600000.0,2878080.0,2239104.0,2238976.0
808884, [p|l],870016.0,560128.0,3200000.0,4630144.0,3760128.0,4070016.0
808884, [p|l],589952.0,700032.0,1970048.0,3260032.0,2670080.0,2560000.0
808884, [p|l],800128.0,640128.0,800000.0,2240256.0,1440128.0,1600128.0
808884, [p|l],639360.0,801280.0,1280256.0,2720896.0,2081536.0,1919616.0
808884, [p|l],481152.0,640512.0,3198208.0,4319872.0,3838720.0,3679360.0
808884, [p|l],1280000.0,800000.0,960000.0,3040000.0,1760000.0,2240000.0
808884, [p|l],770048.0,760064.0,610048.0,2140160.0,1370112.0,1380096.0
808884, [p|l],559232.0,559872.0,721408.0,1840512.0,1281280.0,1280640.0
808884, [p|l],642432.0,642176.0,1117312.0,2401920.0,1759488.0,1759744.0
808884, [p|l],473216.0,413440.0,1290368.0,2177024.0,1703808.0,1763584.0
808884, [p|l],800000.0,720000.0,5520640.0,7040640.0,6240640.0,6320640.0
808884, [p|l],720000.0,640128.0,1040128.0,2400256.0,1680256.0,1760128.0
808884, [p|l],638848.0,643584.0,1440640.0,2723072.0,2084224.0,2079488.0
808884, [p|l],476672.0,641920.0,2239232.0,3357824.0,2881152.0,2715904.0
808884, [p|l],790016.0,880128.0,890112.0,2560256.0,1770240.0,1680128.0
808884, [p|l],800128.0,640000.0,800128.0,2240256.0,1440128.0,1600256.0
808884, [p|l],880128.0,800000.0,1120128.0,2800256.0,1920128.0,2000256.0
808884, [p|l],720128.0,880000.0,720128.0,2320256.0,1600128.0,1440256.0
808884, [p|l],468736.0,940288.0,1090944.0,2499968.0,2031232.0,1559680.0
808884, [p|l],960128.0,720128.0,1040000.0,2720256.0,1760128.0,2000128.0
808884, [p|l],860032.0,640000.0,1060096.0,2560128.0,1700096.0,1920128.0
808884, [p|l],468736.0,468736.0,1249664.0,2187136.0,1718400.0,1718400.0
808884, [p|l],1040128.0,820096.0,760064.0,2620288.0,1580160.0,1800192.0
808884, [p|l],960000.0,880000.0,560128.0,2400128.0,1440128.0,1520128.0
808884, [p|l],466304.0,468736.0,937216.0,1872256.0,1405952.0,1403520.0
808884, [p|l],800000.0,800000.0,760064.0,2360064.0,1560064.0,1560064.0
808884, [p|l],1040000.0,960128.0,1200128.0,3200256.0,2160256.0,2240128.0
